{"type":"FeatureCollection","features":[{"type":"Feature","id":"rz_arboledassingulares_es24.1","geometry":{"type":"MultiPolygon","coordinates":[[[[-1.80939659,41.79291126],[-1.80943647,41.79280114],[-1.80957064,41.79248673],[-1.80983428,41.79224347],[-1.81016473,41.79208365],[-1.81052519,41.79192301],[-1.81099376,41.79170719],[-1.81131298,41.79144255],[-1.81147964,41.79119546],[-1.81161549,41.79092666],[-1.8119212,41.79061656],[-1.81239283,41.79073852],[-1.81268688,41.79101807],[-1.81289617,41.7913633],[-1.81300113,41.79165363],[-1.8129774,41.79169339],[-1.81289385,41.79163919],[-1.81284176,41.79159509],[-1.81274342,41.79161981],[-1.8126396,41.79165438],[-1.81255934,41.79170304],[-1.81251077,41.79175401],[-1.81241838,41.79174316],[-1.81236172,41.79167015],[-1.8122096,41.79164487],[-1.81213897,41.79164942],[-1.81205355,41.79169077],[-1.81198851,41.79177457],[-1.81191807,41.79176856],[-1.81183294,41.79179408],[-1.81180365,41.79185185],[-1.81180973,41.79190471],[-1.81175605,41.79194639],[-1.81164575,41.79199804],[-1.8115612,41.79199189],[-1.81145491,41.79201719],[-1.8113764,41.79206653],[-1.81131228,41.79210018],[-1.81120687,41.79207797],[-1.81112184,41.79209821],[-1.81104367,41.79212908],[-1.81093708,41.79217021],[-1.81086596,41.79220115],[-1.81081571,41.79224815],[-1.81071246,41.79229988],[-1.81070766,41.79236846],[-1.8107492,41.79241113],[-1.81080823,41.79246189],[-1.81071855,41.7925428],[-1.81061197,41.79258393],[-1.81049892,41.79259332],[-1.81039899,41.79265564],[-1.81028594,41.79266503],[-1.81029182,41.79272844],[-1.81034027,41.7927791],[-1.81027567,41.79283914],[-1.81016977,41.79284333],[-1.81008522,41.79283717],[-1.8100625,41.79292141],[-1.81005677,41.79304014],[-1.80995318,41.79311034],[-1.8098607,41.79315162],[-1.80973237,41.7932242],[-1.80965429,41.79324979],[-1.80963206,41.79330763],[-1.80958131,41.79338102],[-1.80958311,41.79338476],[-1.80954228,41.79337886],[-1.80953899,41.79333216],[-1.80954851,41.79326692],[-1.80954972,41.79320159],[-1.80953875,41.79312058],[-1.80951455,41.79307987],[-1.80948643,41.79302669],[-1.80942569,41.79293894],[-1.80939659,41.79291126]]],[[[-1.8126266,41.80144212],[-1.81252123,41.80143225],[-1.812403,41.80148368],[-1.81227522,41.80151696],[-1.81227336,41.80151745],[-1.81223698,41.80160797],[-1.81223443,41.80161433],[-1.81209458,41.80142943],[-1.81205392,41.80132887],[-1.8120556,41.8013232],[-1.81205401,41.80131926],[-1.81208578,41.80121256],[-1.81208167,41.80113874],[-1.81207115,41.80104741],[-1.81221283,41.80092194],[-1.81226986,41.80078651],[-1.81235113,41.80065134],[-1.81237055,41.80058354],[-1.81246393,41.80044849],[-1.81258752,41.80031829],[-1.81279708,41.80012551],[-1.81293586,41.8000455],[-1.81305214,41.79996086],[-1.81321994,41.79984813],[-1.81337533,41.79971621],[-1.81346665,41.79960269],[-1.81354488,41.79950812],[-1.8136355,41.79943275],[-1.81366446,41.79937865],[-1.8139298,41.79936702],[-1.81427997,41.79951328],[-1.81459751,41.79978883],[-1.8148451,41.80010191],[-1.81499517,41.80041184],[-1.81518757,41.80075269],[-1.81526958,41.80087992],[-1.81500933,41.80093072],[-1.81486114,41.80091252],[-1.81474278,41.80089826],[-1.81464391,41.80088665],[-1.81459966,41.80092243],[-1.8145455,41.80096623],[-1.81445815,41.80102981],[-1.81437392,41.80105306],[-1.8143174,41.80106866],[-1.81430077,41.80109402],[-1.81426006,41.80115609],[-1.81421904,41.80121865],[-1.81424693,41.80138071],[-1.8142462,41.80144676],[-1.81381784,41.80122869],[-1.81377316,41.80116288],[-1.81364086,41.80113668],[-1.81352328,41.80115301],[-1.81346748,41.80125726],[-1.81346255,41.80126647],[-1.81339138,41.80130961],[-1.8132852,41.80134362],[-1.81313309,41.8013245],[-1.81301583,41.80132328],[-1.81293245,41.80139263],[-1.81282611,41.80143541],[-1.81271814,41.80156592],[-1.81269291,41.80166219],[-1.81269161,41.80173239],[-1.81266676,41.80185854],[-1.81259408,41.80193322],[-1.81248968,41.80187071],[-1.812504,41.80173045],[-1.81250578,41.80163393],[-1.81257711,41.80158202],[-1.81262547,41.80150354],[-1.8126266,41.80144212]]]]},"geometry_name":"shape","properties":{"id":6,"objectid":4,"inspireid":"AM.ArboledasSingulares_ES24.AASS_ES24_004","legalfound":"2018/05/28 00:00:00.000","legalfou_1":"http://www.boa.aragon.es/cgi-bin/EBOA/BRSCGI?CMD=VEROBJ&MLKOB=1021759484848","sitedesign":"Natural Monument","sitename":"Hayedo en El Moncayo","siteprotec":"natureConservation","designatio":"IUCN","designat_1":"naturalMonument","percentage":null,"code24":"AASS_ES24_004","sitecode":"AASS_ES24_004","codeara":"AASS_ES24_004","observatio":null,"localid":"AASS_ES24_004","namespace":"AM.ArboledasSingulares_ES24","versionid":null,"longitude":598545.848,"latitude":4628185.553,"shape_leng":1960.958208,"esactivo":"1"},"bbox":[-1.81526958,41.79061656,-1.80939659,41.80193322]},{"type":"Feature","id":"rz_arboledassingulares_es24.2","geometry":{"type":"MultiPolygon","coordinates":[[[[-0.1079719,42.70740825],[-0.10773969,42.7073323],[-0.10757975,42.70706047],[-0.10743046,42.70694262],[-0.1072012,42.70675243],[-0.1069214,42.70662686],[-0.10677152,42.70652209],[-0.10663799,42.70632117],[-0.10659959,42.70612268],[-0.10656019,42.70594615],[-0.10655189,42.70592541],[-0.10647402,42.70592142],[-0.10631007,42.70607077],[-0.10553279,42.70641024],[-0.10526444,42.7064411],[-0.10540447,42.70629983],[-0.10615929,42.70593663],[-0.1064671,42.70581698],[-0.10681368,42.70562301],[-0.1069522,42.70542958],[-0.10686012,42.70538381],[-0.10642187,42.70552333],[-0.10617731,42.705549],[-0.10593038,42.70579472],[-0.10581935,42.70565],[-0.10568619,42.70564374],[-0.1053189,42.70577636],[-0.10499705,42.70594489],[-0.1050046,42.70586688],[-0.10533902,42.7056813],[-0.10527813,42.70564231],[-0.10528512,42.70563937],[-0.1051657,42.70561571],[-0.10515505,42.70536368],[-0.10486973,42.70536472],[-0.10499801,42.70525241],[-0.10533013,42.70520715],[-0.10561644,42.70530519],[-0.10580678,42.70530175],[-0.10599517,42.70521984],[-0.10613964,42.70512032],[-0.10659749,42.70477696],[-0.1068754,42.70445382],[-0.10700934,42.70446889],[-0.10714399,42.70433467],[-0.10722478,42.70431704],[-0.10720606,42.70429095],[-0.10727587,42.70426426],[-0.10744646,42.7041888],[-0.10753374,42.70400246],[-0.10740034,42.70391206],[-0.10702899,42.70386642],[-0.10686918,42.70371009],[-0.10687518,42.7033694],[-0.10683283,42.70322329],[-0.10644863,42.70324259],[-0.10624725,42.70334627],[-0.10624248,42.70323737],[-0.10641273,42.70316916],[-0.10673091,42.70309018],[-0.10671733,42.7029593],[-0.10665636,42.70279097],[-0.10657669,42.70271477],[-0.10658702,42.70271251],[-0.10693345,42.70248836],[-0.10693032,42.70236214],[-0.10711088,42.70230116],[-0.10728862,42.70224728],[-0.10729825,42.70231719],[-0.10746914,42.70241501],[-0.10754035,42.70256064],[-0.10786127,42.70257594],[-0.10804518,42.7023936],[-0.10835398,42.70225038],[-0.10835325,42.70205618],[-0.10838273,42.70184118],[-0.10837857,42.70170682],[-0.10861379,42.70182459],[-0.10895846,42.70163795],[-0.10899302,42.70163261],[-0.10908093,42.7016719],[-0.10922169,42.70167357],[-0.10936201,42.70168467],[-0.1094272,42.70171464],[-0.10949706,42.70175418],[-0.1095834,42.70176958],[-0.10964372,42.701739],[-0.1097933,42.7017711],[-0.10981794,42.70184727],[-0.10988552,42.70193586],[-0.10996094,42.70196609],[-0.11004182,42.70198891],[-0.11009297,42.7019902],[-0.11014756,42.70197269],[-0.11019447,42.70195499],[-0.1102455,42.70197141],[-0.11016129,42.70210329],[-0.11012743,42.70216556],[-0.11011823,42.70218249],[-0.11010903,42.70219942],[-0.1101064,42.70220425],[-0.11006345,42.70228325],[-0.11003427,42.70242262],[-0.11001631,42.70254433],[-0.1100137,42.70256197],[-0.11001111,42.70257953],[-0.10998518,42.70273043],[-0.10997149,42.70284038],[-0.10996976,42.7028543],[-0.10996805,42.70286804],[-0.1099295,42.70293307],[-0.10992076,42.7029394],[-0.10988023,42.70296874],[-0.10981984,42.70298329],[-0.1098038,42.70298716],[-0.10968534,42.70304333],[-0.10962116,42.70309652],[-0.10960711,42.70310816],[-0.10958341,42.70313628],[-0.10956919,42.70315314],[-0.10956407,42.70315922],[-0.10954231,42.70318503],[-0.1095217,42.70323214],[-0.10949539,42.70329777],[-0.10948265,42.70339335],[-0.109473,42.70352736],[-0.10946624,42.70358262],[-0.10946579,42.70358635],[-0.10946459,42.70359614],[-0.10946405,42.7036005],[-0.10946224,42.70361537],[-0.10946042,42.70363024],[-0.10944788,42.70368191],[-0.1094413,42.70370906],[-0.10943535,42.70373361],[-0.10942398,42.70374729],[-0.10937599,42.70380505],[-0.1093162,42.70383856],[-0.10923662,42.70387744],[-0.10912496,42.7039236],[-0.10905177,42.70399577],[-0.1090302,42.70403356],[-0.10902996,42.70403398],[-0.10898545,42.70411196],[-0.1089446,42.70423517],[-0.10891915,42.7043119],[-0.10888323,42.7044385],[-0.10884097,42.70463076],[-0.10881869,42.70480048],[-0.10881637,42.70482976],[-0.10880599,42.70496079],[-0.10883559,42.70505429],[-0.10884989,42.70510796],[-0.10886418,42.70516163],[-0.10885074,42.70526423],[-0.10881742,42.70532461],[-0.10880328,42.70534196],[-0.10877171,42.70538072],[-0.10873025,42.70541911],[-0.10867449,42.70545154],[-0.10864404,42.70546925],[-0.10853325,42.70552282],[-0.10839918,42.70558886],[-0.10836108,42.70564212],[-0.10831326,42.70570896],[-0.10827955,42.70578798],[-0.10821293,42.70603952],[-0.10816796,42.70619253],[-0.10813747,42.70640752],[-0.10811932,42.70645689],[-0.10809428,42.70652501],[-0.10806116,42.70659666],[-0.10802236,42.70665665],[-0.10802367,42.70670468],[-0.10802314,42.70672832],[-0.10802275,42.7067459],[-0.10802242,42.70676029],[-0.10801785,42.70680623],[-0.10801327,42.70685218],[-0.10802246,42.70694876],[-0.10801142,42.70706821],[-0.10800969,42.70708693],[-0.10800391,42.70714677],[-0.10800179,42.70716868],[-0.10799417,42.70724754],[-0.10799011,42.70727682],[-0.10798496,42.70731399],[-0.10798105,42.70734219],[-0.10797909,42.70735639],[-0.10797392,42.70739363],[-0.1079719,42.70740825]]]]},"geometry_name":"shape","properties":{"id":15,"objectid":10,"inspireid":"AM.ArboledasSingulares_ES24.AASS_ES24_010","legalfound":"2022/04/27 00:00:00.000","legalfou_1":"http://www.boa.aragon.es/cgi-bin/EBOA/BRSCGI?CMD=VEROBJ&MLKOB=1217641724444&type=pdf","sitedesign":"Natural Monument","sitename":"Taxos de Crapera","siteprotec":"natureConservation","designatio":"IUCN","designat_1":"naturalMonument","percentage":null,"code24":"AASS_ES24_010","sitecode":"AASS_ES24_010","codeara":"AASS_ES24_010","observatio":null,"localid":"AASS_ES24_010","namespace":"AM.ArboledasSingulares.ES24","versionid":null,"longitude":736866.15599,"latitude":4732025.81349,"shape_leng":2520.730602,"esactivo":"1"},"bbox":[-0.1102455,42.70163261,-0.10486973,42.70740825]},{"type":"Feature","id":"rz_arboledassingulares_es24.3","geometry":{"type":"MultiPolygon","coordinates":[[[[-0.1349934,42.59683718],[-0.13501747,42.59677997],[-0.13508239,42.59678954],[-0.13510876,42.59679343],[-0.13517262,42.59680952],[-0.13519818,42.59681185],[-0.13525563,42.59681709],[-0.13531981,42.59681105],[-0.13535393,42.59680784],[-0.13536707,42.59680403],[-0.13543867,42.59678322],[-0.13553243,42.59673478],[-0.13554008,42.59672473],[-0.13556302,42.59669459],[-0.1355843,42.59666665],[-0.13559597,42.59660329],[-0.13559809,42.59659182],[-0.1355866,42.59652336],[-0.13558419,42.5965196],[-0.1355795,42.5965123],[-0.13557565,42.59650631],[-0.13557454,42.5965046],[-0.13557308,42.59650233],[-0.13557286,42.59650198],[-0.13557179,42.59650033],[-0.13555213,42.59646981],[-0.13549803,42.59644663],[-0.13547156,42.59643529],[-0.13535877,42.59642339],[-0.1353362,42.596421],[-0.13531234,42.5964208],[-0.13521522,42.59641996],[-0.13512851,42.5964104],[-0.13504759,42.59636489],[-0.13498459,42.59630342],[-0.13490994,42.59623321],[-0.13485414,42.59620196],[-0.13483268,42.59618994],[-0.13482423,42.5961852],[-0.13481779,42.5961816],[-0.13479515,42.59616893],[-0.13458577,42.59615],[-0.13439772,42.59615172],[-0.13433569,42.59615229],[-0.13412959,42.59617622],[-0.13409574,42.5961844],[-0.13408201,42.59618772],[-0.13396923,42.59621506],[-0.13385572,42.59626643],[-0.13376776,42.5963215],[-0.13373028,42.59634548],[-0.1337298,42.59634578],[-0.13361332,42.59642028],[-0.13361144,42.59638598],[-0.13361106,42.59637909],[-0.13361252,42.5963677],[-0.13361261,42.59636704],[-0.13362282,42.59628744],[-0.1336288,42.59623227],[-0.13363129,42.59620931],[-0.13363616,42.59618161],[-0.13364628,42.59612413],[-0.1334164,42.59611919],[-0.13330229,42.59610777],[-0.13324121,42.59610166],[-0.13310589,42.59609169],[-0.13309451,42.59609043],[-0.13297698,42.59607747],[-0.1329106,42.59606302],[-0.13276998,42.59599883],[-0.13276954,42.59599862],[-0.13273068,42.59598089],[-0.13256683,42.59591862],[-0.13256031,42.59591515],[-0.13249449,42.59588016],[-0.13238462,42.5958549],[-0.1323778,42.59585365],[-0.13233023,42.59584497],[-0.13229687,42.59584293],[-0.13226557,42.59584102],[-0.13224656,42.59583648],[-0.1321662,42.5958173],[-0.13214247,42.59581164],[-0.13196159,42.59576685],[-0.13189805,42.59575418],[-0.13185266,42.59574513],[-0.13173263,42.59572581],[-0.13164421,42.59571117],[-0.13154497,42.59569338],[-0.13147548,42.5956884],[-0.13137922,42.59567978],[-0.13136619,42.59567717],[-0.13135382,42.59567469],[-0.13102681,42.59560921],[-0.13078105,42.59556],[-0.13054317,42.59549388],[-0.13026738,42.59536483],[-0.13008418,42.59529831],[-0.1298521,42.59528217],[-0.1296099,42.59520735],[-0.12960555,42.595206],[-0.129569,42.59519471],[-0.12925133,42.59507479],[-0.12925119,42.59504336],[-0.12922277,42.59503851],[-0.12920215,42.59503366],[-0.1292317,42.59480964],[-0.12930737,42.59483383],[-0.12938148,42.59485752],[-0.12947006,42.59489033],[-0.12947102,42.59489069],[-0.12947175,42.59489096],[-0.12959815,42.59493778],[-0.1298636,42.59504134],[-0.13010168,42.59513042],[-0.13011963,42.59513582],[-0.13012016,42.59513598],[-0.13025676,42.59517708],[-0.13047742,42.59525294],[-0.13074944,42.59530892],[-0.13103915,42.59535934],[-0.13108255,42.59536689],[-0.13135284,42.59537051],[-0.13173461,42.59539323],[-0.13193284,42.59541602],[-0.13225909,42.59548553],[-0.13244582,42.59553497],[-0.13247356,42.59554232],[-0.13258229,42.59556575],[-0.13269103,42.59558919],[-0.13287011,42.59560421],[-0.13310548,42.59559857],[-0.13337005,42.59559656],[-0.13345062,42.59560047],[-0.13345165,42.59560052],[-0.13360804,42.5956081],[-0.13370554,42.5956136],[-0.13370606,42.59561363],[-0.13384351,42.59562139],[-0.13410916,42.59564109],[-0.13431643,42.59567799],[-0.13431751,42.59567818],[-0.13450762,42.59571203],[-0.13464108,42.59573645],[-0.13479093,42.59576388],[-0.13493217,42.5957923],[-0.13504853,42.59581571],[-0.13515489,42.59584694],[-0.13515561,42.59584715],[-0.13528424,42.59588491],[-0.13545291,42.59591444],[-0.13545363,42.59591456],[-0.13562822,42.59594512],[-0.13581592,42.59595943],[-0.13581677,42.59595949],[-0.13598531,42.59597234],[-0.13631401,42.5959941],[-0.13631513,42.59599418],[-0.13639613,42.59599954],[-0.13676792,42.5960065],[-0.13719971,42.59605251],[-0.13733738,42.59605869],[-0.1373386,42.59605874],[-0.13774424,42.59607694],[-0.1380045,42.59610878],[-0.13822057,42.59613522],[-0.13846094,42.59616933],[-0.13859032,42.59620679],[-0.13859094,42.59620697],[-0.13862874,42.59621791],[-0.13853603,42.59626057],[-0.13843916,42.59630513],[-0.13836865,42.59633757],[-0.13812399,42.59639431],[-0.13803037,42.5964222],[-0.13793074,42.59645188],[-0.13780504,42.59646206],[-0.13773377,42.59646784],[-0.13768329,42.59646962],[-0.13766308,42.59647033],[-0.13758716,42.596473],[-0.13756201,42.5964739],[-0.13741115,42.59647877],[-0.13738242,42.59647865],[-0.13722518,42.59647799],[-0.13713377,42.59647776],[-0.13710881,42.59647769],[-0.13697664,42.59647871],[-0.13690047,42.59647856],[-0.13680516,42.59647838],[-0.1367094,42.59648815],[-0.13660568,42.59649878],[-0.1362699,42.59658403],[-0.13619351,42.59660803],[-0.13607265,42.596646],[-0.13601217,42.59666992],[-0.13594219,42.59669758],[-0.13582728,42.59673424],[-0.13574609,42.59676129],[-0.13573272,42.59677434],[-0.1357066,42.59679982],[-0.13569173,42.59681432],[-0.13542048,42.59687234],[-0.13531558,42.59689477],[-0.13517222,42.59695137],[-0.13511374,42.59697446],[-0.13510542,42.59697769],[-0.1351048,42.59697793],[-0.13509829,42.5969798],[-0.1349976,42.59700865],[-0.13493698,42.59702456],[-0.13490927,42.59703183],[-0.13488325,42.59703568],[-0.1349512,42.596907],[-0.13499043,42.5968421],[-0.1349934,42.59683718]]]]},"geometry_name":"shape","properties":{"id":11,"objectid":9,"inspireid":"AM.ArboledasSingulares_ES24.AASS_ES24_009","legalfound":"2021/12/15 00:00:00.000","legalfou_1":"http://www.boa.aragon.es/cgi-bin/EBOA/BRSCGI?CMD=VEROBJ&MLKOB=1197553274343&type=pdf","sitedesign":"Natural Monument","sitename":"La Mosquera de Oto","siteprotec":"natureConservation","designatio":"IUCN","designat_1":"naturalMonument","percentage":null,"code24":"AASS_ES24_009","sitecode":"AASS_ES24_009","codeara":"AASS_ES24_009","observatio":null,"localid":"AASS_ES24_009","namespace":"AM.ArboledasSingulares_ES24","versionid":null,"longitude":735107.575902,"latitude":4719930.59997,"shape_leng":1860.02673,"esactivo":"1"},"bbox":[-0.13862874,42.59480964,-0.12920215,42.59703568]},{"type":"Feature","id":"rz_arboledassingulares_es24.4","geometry":{"type":"MultiPolygon","coordinates":[[[[-0.15426034,42.47075318],[-0.15425227,42.47066293],[-0.15405787,42.4706581],[-0.1539323,42.47074503],[-0.15384725,42.47074291],[-0.15370553,42.47064934],[-0.15392023,42.47047458],[-0.15426042,42.47048303],[-0.15428888,42.47012354],[-0.15487215,42.46986788],[-0.15517589,42.46987543],[-0.15540273,42.46970097],[-0.15545948,42.46952228],[-0.15538667,42.46925032],[-0.15538674,42.46898017],[-0.15505879,42.46870188],[-0.15496168,42.46842932],[-0.15481588,42.4684257],[-0.15490501,42.46833786],[-0.15465395,42.46824158],[-0.15438675,42.46796479],[-0.15472293,42.46779304],[-0.15484034,42.46788601],[-0.15518052,42.46789446],[-0.15537083,42.46798924],[-0.15554492,42.46817366],[-0.15567849,42.46844712],[-0.15590925,42.468723],[-0.15614001,42.46899888],[-0.1562898,42.4691827],[-0.1562695,42.46936229],[-0.15607511,42.46935747],[-0.15597384,42.469445],[-0.15576322,42.46952982],[-0.1557267,42.46979906],[-0.1556781,42.46979785],[-0.1556092,42.46997624],[-0.15556867,42.47006529],[-0.1554674,42.47015282],[-0.15508668,42.47023341],[-0.15468566,42.4704936],[-0.15437376,42.47066595],[-0.15426034,42.47075318]]]]},"geometry_name":"shape","properties":{"id":17,"objectid":13,"inspireid":"AM.ArboledasSingulares_ES24.AASS_ES24_013","legalfound":"2023/01/20 00:00:00.000","legalfou_1":"https://www.boa.aragon.es/cgi-bin/EBOA/BRSCGI?CMD=VEROBJ&MLKOB=1257623423232&type=pdf","sitedesign":"Natural Monument","sitename":"Taxera de Fablo","siteprotec":"natureConservation","designatio":"IUCN","designat_1":"naturalMonument","percentage":null,"code24":"AASS_ES24_013","sitecode":"AASS_ES24_013","codeara":"AASS_ES24_013","observatio":null,"localid":"AASS_ES24_013","namespace":"AM.ArboledasSingulares_ES24","versionid":null,"longitude":733869.39783,"latitude":4705798.30514,"shape_leng":1019.858709,"esactivo":"1"},"bbox":[-0.1562898,42.46779304,-0.15370553,42.47075318]},{"type":"Feature","id":"rz_arboledassingulares_es24.5","geometry":{"type":"MultiPolygon","coordinates":[[[[-0.34469297,42.26598154],[-0.34440951,42.26587647],[-0.3441971,42.26576452],[-0.34372591,42.26567327],[-0.34342347,42.26561861],[-0.34304641,42.26554808],[-0.34257483,42.26543208],[-0.34272396,42.26502145],[-0.34277434,42.26488274],[-0.34299106,42.26476968],[-0.34306926,42.26472889],[-0.34315117,42.26474108],[-0.34326321,42.26487077],[-0.34341015,42.26489709],[-0.34361007,42.26480779],[-0.34369424,42.26471599],[-0.34379387,42.26462469],[-0.34381058,42.26450773],[-0.34380025,42.26436009],[-0.34378927,42.26420338],[-0.34370587,42.2640333],[-0.3435829,42.26381574],[-0.34389836,42.26313371],[-0.34421979,42.26273611],[-0.34443471,42.26265657],[-0.34460354,42.26264343],[-0.3448089,42.26267092],[-0.34488449,42.26278346],[-0.34501356,42.26289724],[-0.34518742,42.26303762],[-0.34530479,42.26315681],[-0.34539781,42.26321862],[-0.34545133,42.26319948],[-0.34559755,42.26310677],[-0.34568076,42.26303768],[-0.34579204,42.2630289],[-0.34585699,42.2630304],[-0.34592254,42.26301772],[-0.34597328,42.26299332],[-0.34601638,42.26296875],[-0.34606688,42.26295004],[-0.34612801,42.26295145],[-0.34618162,42.26294986],[-0.34625469,42.26294018],[-0.34629743,42.26292413],[-0.34634447,42.26289681],[-0.34639592,42.26285539],[-0.34646147,42.2628427],[-0.34653454,42.26283303],[-0.34660474,42.26280057],[-0.34665572,42.2627705],[-0.34669189,42.26272873],[-0.34677618,42.262725],[-0.3468446,42.2627351],[-0.34690215,42.26273075],[-0.34697939,42.26271266],[-0.3470533,42.26268312],[-0.34724644,42.26261214],[-0.34738828,42.2625242],[-0.34741122,42.2624471],[-0.34755026,42.26241628],[-0.34761106,42.26237385],[-0.34766982,42.26239059],[-0.34768384,42.26234928],[-0.34776306,42.26235582],[-0.34788341,42.26231315],[-0.3479093,42.26227314],[-0.34810391,42.26216201],[-0.34817233,42.26218431],[-0.34821713,42.26222445],[-0.34828267,42.26229386],[-0.34828463,42.26238301],[-0.34816923,42.26241429],[-0.3481873,42.26251062],[-0.34820047,42.26264622],[-0.34814397,42.26266575],[-0.34807111,42.26272903],[-0.34793057,42.2627863],[-0.34791342,42.26284776],[-0.34789311,42.26292054],[-0.34782686,42.26299231],[-0.34787891,42.26309403],[-0.3478903,42.26316795],[-0.34798405,42.26319611],[-0.34804686,42.2632487],[-0.34815815,42.26333081],[-0.34825,42.26334402],[-0.34828799,42.26336327],[-0.34838644,42.26335882],[-0.34854,42.26343623],[-0.34863325,42.26349237],[-0.3487242,42.26358426],[-0.3488395,42.26364268],[-0.34897178,42.26370429],[-0.34905391,42.26373381],[-0.3490852,42.26365906],[-0.34912232,42.26359458],[-0.34920721,42.26357666],[-0.34927097,42.26360654],[-0.34933354,42.2636648],[-0.34943791,42.26372971],[-0.34952305,42.26379702],[-0.34945915,42.26387944],[-0.34948718,42.26388951],[-0.34952761,42.26396189],[-0.34959925,42.26398627],[-0.3496451,42.26398733],[-0.34970899,42.26395851],[-0.34978515,42.26393092],[-0.34984163,42.26395211],[-0.34988676,42.2639702],[-0.34998515,42.2639952],[-0.3500796,42.26402295],[-0.35015518,42.26404458],[-0.35021631,42.26404599],[-0.3502741,42.26403597],[-0.35035089,42.26412012],[-0.35040725,42.26414415],[-0.35047818,42.26418556],[-0.35060177,42.26424807],[-0.35067341,42.26427246],[-0.35077501,42.26422083],[-0.35091088,42.26417284],[-0.35100519,42.26411252],[-0.35127357,42.26415024],[-0.35122075,42.26435329],[-0.35113113,42.2645423],[-0.35100411,42.26477723],[-0.35062325,42.265561],[-0.35035887,42.2661202],[-0.35022771,42.26627712],[-0.35013709,42.26633901],[-0.34995431,42.26636507],[-0.34980856,42.26638586],[-0.34962195,42.2661956],[-0.34952923,42.26619336],[-0.3492349,42.2661791],[-0.34899207,42.26615849],[-0.3480098,42.26597224],[-0.34776077,42.26595515],[-0.34748707,42.26590328],[-0.34729806,42.26588076],[-0.34722382,42.26591132],[-0.34697081,42.26584178],[-0.34673204,42.26577814],[-0.34657891,42.2656947],[-0.34643192,42.265643],[-0.34627902,42.265643],[-0.34602603,42.26571747],[-0.34586311,42.26576543],[-0.34566033,42.26581593],[-0.34519561,42.26589549],[-0.34499555,42.26596767],[-0.34469297,42.26598154]]]]},"geometry_name":"shape","properties":{"id":10,"objectid":7,"inspireid":"AM.ArboledasSingulares_ES24.AASS_ES24_007","legalfound":"2021/11/19 00:00:00.000","legalfou_1":"http://www.boa.aragon.es/cgi-bin/EBOA/BRSCGI?CMD=VEROBJ&MLKOB=1193509044040&type=pdf","sitedesign":"Natural Monument","sitename":"Hayedo del Picón del Mediodía","siteprotec":"natureConservation","designatio":"IUCN","designat_1":"naturalMonument","percentage":null,"code24":"AASS_ES24_007","sitecode":"AASS_ES24_007","codeara":"AASS_ES24_007","observatio":null,"localid":"AASS_ES24_007","namespace":"AM.ArboledasSingulares_ES24","versionid":null,"longitude":718813.872775,"latitude":4682556.07009,"shape_leng":2231.341337,"esactivo":"1"},"bbox":[-0.35127357,42.26216201,-0.34257483,42.26638586]},{"type":"Feature","id":"rz_arboledassingulares_es24.6","geometry":{"type":"MultiPolygon","coordinates":[[[[-0.48559465,42.31793318],[-0.48489855,42.31795568],[-0.48422655,42.3178672],[-0.4836421,42.31774423],[-0.48336219,42.31769625],[-0.48313692,42.3176913],[-0.48281935,42.31752746],[-0.48256926,42.3174383],[-0.48236225,42.31732918],[-0.48214532,42.31711525],[-0.48208118,42.31695697],[-0.48184892,42.31677408],[-0.4816709,42.31664468],[-0.48152353,42.3164532],[-0.4813081,42.31634971],[-0.4813992,42.31622266],[-0.48151703,42.31615565],[-0.48166621,42.31601709],[-0.48173369,42.31585864],[-0.48178099,42.31572838],[-0.48191312,42.31558549],[-0.48210339,42.31549701],[-0.48245185,42.31508269],[-0.48297084,42.31443524],[-0.48308097,42.31450041],[-0.48314303,42.31471093],[-0.48318934,42.31496293],[-0.48314827,42.31528623],[-0.48313869,42.31552655],[-0.48312869,42.31577732],[-0.48323257,42.31599922],[-0.48340893,42.31617042],[-0.48386737,42.31598179],[-0.48409471,42.31593449],[-0.48441527,42.31566962],[-0.48442443,42.31543974],[-0.4847309,42.31517456],[-0.48545398,42.31470937],[-0.48565753,42.31461948],[-0.48585234,42.31461353],[-0.48598438,42.31483604],[-0.48610329,42.31478292],[-0.48639349,42.3148241],[-0.48649086,42.31450204],[-0.48664988,42.31440095],[-0.48684656,42.31441572],[-0.4870404,42.31414806],[-0.4872214,42.31384875],[-0.4873037,42.31343737],[-0.48723201,42.31274276],[-0.48749006,42.31274842],[-0.48777323,42.31262192],[-0.48804468,42.31279007],[-0.48811059,42.31313066],[-0.48811813,42.31344047],[-0.48830725,42.31368055],[-0.48835625,42.31394704],[-0.48861079,42.31404109],[-0.4885957,42.31342145],[-0.48849184,42.31303579],[-0.48864193,42.31275892],[-0.48952238,42.31278858],[-0.48957015,42.3131982],[-0.48964108,42.31340409],[-0.48971658,42.31369004],[-0.49042177,42.31525779],[-0.49051637,42.31551934],[-0.4905446,42.3155631],[-0.49055206,42.31558307],[-0.49061306,42.31566951],[-0.49072062,42.31583647],[-0.49089134,42.31610147],[-0.49101736,42.31630117],[-0.49103056,42.31632947],[-0.49116908,42.31662977],[-0.49055348,42.31664627],[-0.49004924,42.31682514],[-0.48955937,42.31735786],[-0.48919352,42.31775571],[-0.48895933,42.31801043],[-0.48880107,42.31818253],[-0.4887845,42.31823288],[-0.48866825,42.31863565],[-0.48864855,42.31871456],[-0.48860416,42.31889234],[-0.48817147,42.31894022],[-0.48794427,42.31896537],[-0.48776591,42.31896744],[-0.48754893,42.31896925],[-0.48739727,42.31892605],[-0.48728869,42.31897103],[-0.48707493,42.31901748],[-0.486902,42.31911842],[-0.48652626,42.31915809],[-0.48625085,42.31917383],[-0.48603019,42.31919358],[-0.48597056,42.31886573],[-0.48598896,42.31875114],[-0.48594386,42.31848206],[-0.4858683,42.31833776],[-0.48578711,42.31822233],[-0.48568468,42.31806744],[-0.48559465,42.31793318]]]]},"geometry_name":"shape","properties":{"id":14,"objectid":11,"inspireid":"AM.ArboledasSingulares_ES24.AASS_ES24_011","legalfound":"2022/04/28 00:00:00.000","legalfou_1":"http://www.boa.aragon.es/cgi-bin/EBOA/BRSCGI?CMD=VEROBJ&MLKOB=1217854624646&type=pdf","sitedesign":"Natural Monument","sitename":"Hayedo de la Punta Peiro","siteprotec":"natureConservation","designatio":"IUCN","designat_1":"naturalMonument","percentage":null,"code24":"AASS_ES24_011","sitecode":"AASS_ES24_011","codeara":"AASS_ES24_011","observatio":null,"localid":"AASS_ES24_011","namespace":"AM.ArboledasSingulares.ES24","versionid":null,"longitude":707110.695822,"latitude":4687940.03855,"shape_leng":3123.969175,"esactivo":"1"},"bbox":[-0.49116908,42.31262192,-0.4813081,42.31919358]},{"type":"Feature","id":"rz_arboledassingulares_es24.7","geometry":{"type":"MultiPolygon","coordinates":[[[[-1.00787922,42.39785682],[-1.00782074,42.39757826],[-1.00765409,42.39730656],[-1.00744906,42.39706066],[-1.00723528,42.39686436],[-1.00711814,42.39666402],[-1.0068491,42.39655528],[-1.00669301,42.39641532],[-1.00662561,42.39625803],[-1.00653565,42.39608556],[-1.00645337,42.39592778],[-1.0063394,42.39573915],[-1.00629244,42.39552329],[-1.0058902,42.39500307],[-1.00559623,42.39461253],[-1.00536511,42.39430511],[-1.00556697,42.3943326],[-1.00591282,42.39433862],[-1.00678248,42.39419473],[-1.00724078,42.39414627],[-1.00802321,42.39413423],[-1.00881825,42.39449101],[-1.00937637,42.39453942],[-1.0101988,42.3948402],[-1.01456786,42.39579364],[-1.01523596,42.39589545],[-1.01517576,42.39601707],[-1.01500667,42.39606539],[-1.01444713,42.3960744],[-1.01419614,42.39611063],[-1.01387865,42.39616728],[-1.0136694,42.39619515],[-1.01304362,42.39619529],[-1.01283584,42.39619169],[-1.01266311,42.39619521],[-1.01234616,42.39633729],[-1.01216177,42.39642947],[-1.01196682,42.39646328],[-1.01160769,42.39647614],[-1.01153503,42.39650744],[-1.01144188,42.39658003],[-1.01118728,42.39686745],[-1.01104417,42.3969696],[-1.0108859,42.3970439],[-1.01076348,42.3970803],[-1.01062333,42.39712923],[-1.0104675,42.39712652],[-1.0103172,42.39712881],[-1.01024252,42.397177],[-1.01006865,42.39737731],[-1.0099483,42.3974653],[-1.0098306,42.39751497],[-1.00956522,42.397584],[-1.00922985,42.3975785],[-1.00914154,42.39761083],[-1.0089074,42.39780068],[-1.00869724,42.3978413],[-1.00829555,42.39785091],[-1.00787922,42.39785682]]]]},"geometry_name":"shape","properties":{"id":2,"objectid":2,"inspireid":"AM.ArboledasSingulares_ES24.AASS_ES24_002","legalfound":"2018/01/11 00:00:00.000","legalfou_1":"http://www.boa.aragon.es/cgi-bin/EBOA/BRSCGI?CMD=VEROBJ&MLKOB=998933165050","sitedesign":"Natural Monument","sitename":"Pinar del pino salgareño en Valdiguara","siteprotec":"natureConservation","designatio":"IUCN","designat_1":"naturalMonument","percentage":null,"code24":"AASS_ES24_002","sitecode":"AASS_ES24_002","codeara":"AASS_ES24_002","observatio":null,"localid":"AASS_ES24_002","namespace":"AM.ArboledasSingulares_ES24","versionid":null,"longitude":663841.841571,"latitude":4695648.15197,"shape_leng":1993.001092,"esactivo":"1"},"bbox":[-1.01523596,42.39413423,-1.00536511,42.39785682]},{"type":"Feature","id":"rz_arboledassingulares_es24.8","geometry":{"type":"MultiPolygon","coordinates":[[[[-1.51299964,41.08830415],[-1.51276072,41.08843497],[-1.51251131,41.08854054],[-1.51225222,41.08858462],[-1.51203318,41.0886248],[-1.51135929,41.08855428],[-1.51102564,41.08849099],[-1.51079438,41.08844713],[-1.51062906,41.08841705],[-1.5102882,41.08835892],[-1.51006009,41.08832002],[-1.50979855,41.08823481],[-1.50961957,41.08817649],[-1.5091783,41.08804186],[-1.50889764,41.08793268],[-1.50997175,41.08702356],[-1.51009917,41.08711321],[-1.51059535,41.08735049],[-1.5110569,41.08747266],[-1.51136535,41.08757392],[-1.51186033,41.08769201],[-1.51209304,41.08772698],[-1.51237872,41.08777527],[-1.51309813,41.08781429],[-1.51326011,41.08775873],[-1.51338348,41.08767367],[-1.51381551,41.08781659],[-1.51387589,41.08788583],[-1.51389613,41.08799393],[-1.51396495,41.08806485],[-1.51409805,41.08812131],[-1.51427474,41.08824553],[-1.51433678,41.08827904],[-1.51433314,41.08835762],[-1.51429934,41.08838508],[-1.5140435,41.08844873],[-1.51378954,41.08842872],[-1.51339284,41.08836223],[-1.51315801,41.08831178],[-1.51299964,41.08830415]]]]},"geometry_name":"shape","properties":{"id":7,"objectid":5,"inspireid":"AM.ArboledasSingulares_ES24.AASS_ES24_005","legalfound":"2018/07/04 00:00:00.000","legalfou_1":"http://www.boa.aragon.es/cgi-bin/EBOA/BRSCGI?CMD=VEROBJ&MLKOB=1029210163535","sitedesign":"Natural Monument","sitename":"Pinsapar de Orcajo","siteprotec":"natureConservation","designatio":"IUCN","designat_1":"naturalMonument","percentage":null,"code24":"AASS_ES24_005","sitecode":"AASS_ES24_005","codeara":"AASS_ES24_005","observatio":null,"localid":"AASS_ES24_005","namespace":"AM.ArboledasSingulares_ES24","versionid":null,"longitude":625028.839275,"latitude":4549590.61438,"shape_leng":1047.602708,"esactivo":"1"},"bbox":[-1.51433678,41.08702356,-1.50889764,41.0886248]},{"type":"Feature","id":"rz_arboledassingulares_es24.9","geometry":{"type":"MultiPolygon","coordinates":[[[[-1.17983088,40.96913364],[-1.17970582,40.96883252],[-1.17958941,40.96857162],[-1.179555,40.96853937],[-1.17954196,40.96848197],[-1.17945755,40.96855224],[-1.1793443,40.96862558],[-1.17921601,40.96870561],[-1.17927172,40.96846896],[-1.17929503,40.96822198],[-1.17930915,40.96807168],[-1.17909561,40.9678551],[-1.17881456,40.96769518],[-1.17875718,40.96769455],[-1.17869492,40.96771572],[-1.17866015,40.96771418],[-1.17861379,40.96769309],[-1.17849533,40.96764024],[-1.17844279,40.96762364],[-1.178435,40.96755713],[-1.17842829,40.96752036],[-1.17830518,40.96738619],[-1.1781014,40.9672946],[-1.17804645,40.96727022],[-1.17779275,40.9671573],[-1.17775738,40.96703091],[-1.17771638,40.96696171],[-1.17765402,40.96690028],[-1.17750746,40.96680213],[-1.17741225,40.96673847],[-1.17677699,40.96645675],[-1.17656903,40.96635725],[-1.1763802,40.96626689],[-1.17646439,40.9661268],[-1.17658018,40.96599163],[-1.17682255,40.96587269],[-1.17694574,40.96582239],[-1.17699851,40.96574847],[-1.17698024,40.96567837],[-1.17694132,40.96557714],[-1.17679033,40.96540703],[-1.17659208,40.96526175],[-1.17653744,40.96527836],[-1.17647486,40.96531097],[-1.17642121,40.96535624],[-1.17619346,40.96557845],[-1.17592138,40.96534409],[-1.17588173,40.96528635],[-1.17584855,40.96519665],[-1.17579344,40.96507913],[-1.17572993,40.96499481],[-1.17563997,40.96496068],[-1.17551833,40.96492039],[-1.17543151,40.96496188],[-1.17530245,40.96500524],[-1.17522806,40.9650182],[-1.17454593,40.96491138],[-1.17398994,40.96482879],[-1.17383803,40.96462777],[-1.17379653,40.96450812],[-1.17373977,40.96438607],[-1.17374037,40.96427834],[-1.17373153,40.96418083],[-1.1736892,40.96409558],[-1.17367904,40.96392121],[-1.1735814,40.963722],[-1.17346432,40.9636005],[-1.17338954,40.96356064],[-1.17332756,40.96356002],[-1.17325409,40.96328271],[-1.17321234,40.96318071],[-1.17321995,40.96309021],[-1.17321122,40.96299955],[-1.17342165,40.96280568],[-1.17343222,40.96271982],[-1.17346551,40.96263307],[-1.17348957,40.96255769],[-1.17366716,40.96224119],[-1.1737603,40.96209098],[-1.17388046,40.96183589],[-1.17391821,40.96177677],[-1.17380144,40.96182311],[-1.17379079,40.96183447],[-1.17363827,40.96183251],[-1.17371287,40.9617555],[-1.17379258,40.96170479],[-1.17385731,40.96165862],[-1.17399286,40.9615951],[-1.17434332,40.9615893],[-1.17467536,40.96156628],[-1.17498746,40.9615079],[-1.1753567,40.96137242],[-1.17571392,40.96125071],[-1.17614336,40.96105655],[-1.17651813,40.96086251],[-1.1766509,40.96080471],[-1.1767457,40.96076658],[-1.17685127,40.96074321],[-1.17697948,40.9607302],[-1.17709725,40.96071251],[-1.17717848,40.96067092],[-1.17728533,40.96060523],[-1.1773514,40.96053161],[-1.17744453,40.96041202],[-1.17753908,40.96032677],[-1.17771655,40.96019086],[-1.17793338,40.9600834],[-1.17813372,40.96000127],[-1.17825747,40.95997792],[-1.17833719,40.95993063],[-1.17846806,40.95983838],[-1.17852668,40.95979346],[-1.17886784,40.95950323],[-1.17909622,40.95927426],[-1.17927037,40.95910731],[-1.17943859,40.95895305],[-1.17958564,40.95878171],[-1.17971797,40.95864472],[-1.17985588,40.95849512],[-1.18001973,40.95835692],[-1.18017623,40.95824401],[-1.18039436,40.95812396],[-1.18080767,40.95801816],[-1.18113516,40.95800432],[-1.18152635,40.95802473],[-1.18185868,40.95804646],[-1.18232584,40.95816057],[-1.18256375,40.95819643],[-1.18260373,40.95833051],[-1.18255343,40.95837953],[-1.18256037,40.95844261],[-1.18265415,40.95870567],[-1.18282635,40.95938873],[-1.18302403,40.96009598],[-1.18319145,40.96095326],[-1.18340725,40.96194489],[-1.18346146,40.96252413],[-1.18335267,40.96280778],[-1.18321717,40.963199],[-1.18324345,40.96354882],[-1.1831917,40.96386724],[-1.18315986,40.96429117],[-1.18312704,40.96468185],[-1.18314416,40.96518403],[-1.18315456,40.96562314],[-1.18322391,40.96576799],[-1.18323567,40.96594572],[-1.18331933,40.96616628],[-1.1833919,40.966302],[-1.18337153,40.96636032],[-1.18330913,40.96654679],[-1.18325603,40.96671043],[-1.18317325,40.96682577],[-1.18312521,40.96694815],[-1.18303009,40.96708861],[-1.18294884,40.96719127],[-1.18286168,40.96729277],[-1.18275586,40.96745035],[-1.18265134,40.96762174],[-1.18241102,40.96791727],[-1.18213166,40.96805897],[-1.18203901,40.96811344],[-1.18191786,40.96814144],[-1.18166484,40.96823284],[-1.18136463,40.96833312],[-1.18111655,40.96837866],[-1.1808957,40.96841526],[-1.18084112,40.96843781],[-1.18081022,40.96850299],[-1.18082428,40.96857491],[-1.1808416,40.96866256],[-1.18081958,40.96874608],[-1.18072925,40.96885905],[-1.18064695,40.968948],[-1.18056748,40.96901575],[-1.1805401,40.9690391],[-1.18038869,40.96907372],[-1.18022103,40.96907738],[-1.18002342,40.96906823],[-1.17986062,40.96903746],[-1.17987545,40.96907309],[-1.17989282,40.96913282],[-1.17983088,40.96913364]],[[-1.17991946,40.96834543],[-1.17987503,40.96827988],[-1.17971883,40.96832938],[-1.1796179,40.96837372],[-1.17961561,40.96837927],[-1.179601,40.96844399],[-1.17959506,40.96846965],[-1.17960503,40.96851791],[-1.17963791,40.96855356],[-1.1798059,40.96851217],[-1.17998176,40.96845244],[-1.17991946,40.96834543]],[[-1.18157125,40.96458813],[-1.181498,40.96466795],[-1.18166756,40.96477665],[-1.18175016,40.96466365],[-1.18179609,40.96460087],[-1.18161431,40.96452188],[-1.18157125,40.96458813]]]]},"geometry_name":"shape","properties":{"id":8,"objectid":6,"inspireid":"AM.ArboledasSingulares_ES24.AASS_ES24_006","legalfound":"2019/04/19 00:00:00.313","legalfou_1":"http://www.boa.aragon.es/cgi-bin/EBOA/BRSCGI?CMD=VEROBJ&MLKOB=1069072204949","sitedesign":"Natural Monument","sitename":"Sabinar de Olalla","siteprotec":"natureConservation","designatio":"IUCN","designat_1":"naturalMonument","percentage":null,"code24":"AASS_ES24_006","sitecode":"AASS_ES24_006","codeara":"AASS_ES24_006","observatio":null,"localid":"AASS_ES24_006","namespace":"AM.ArboledasSingulares_ES24","versionid":null,"longitude":653206.685538,"latitude":4536291.51472,"shape_leng":3843.966221,"esactivo":"1"},"bbox":[-1.18346146,40.95800432,-1.17321122,40.96913364]},{"type":"Feature","id":"rz_arboledassingulares_es24.10","geometry":{"type":"MultiPolygon","coordinates":[[[[-0.62619424,40.38020684],[-0.62657109,40.37986632],[-0.62624933,40.37970613],[-0.62571838,40.37960919],[-0.62495699,40.37936489],[-0.62455944,40.378976],[-0.62383753,40.37844498],[-0.62366134,40.3783234],[-0.623414,40.37815273],[-0.62326161,40.37813896],[-0.62315167,40.37823915],[-0.62256694,40.37776725],[-0.62257661,40.37766713],[-0.62263368,40.37754599],[-0.62281963,40.37746913],[-0.62312213,40.37738206],[-0.62338889,40.37738741],[-0.62354026,40.37740048],[-0.62358265,40.37740414],[-0.6237515,40.37733966],[-0.62388946,40.37720483],[-0.62396427,40.3771317],[-0.62427329,40.37688249],[-0.62432432,40.37683983],[-0.62437679,40.37678375],[-0.62463143,40.37695909],[-0.62473093,40.37714781],[-0.62508899,40.37752851],[-0.62508244,40.37771505],[-0.62513005,40.37787024],[-0.6251662,40.37804954],[-0.62517025,40.37823629],[-0.62522106,40.37860257],[-0.62558939,40.37869129],[-0.62598121,40.37871558],[-0.62661695,40.37874486],[-0.62658029,40.37888209],[-0.62657317,40.37908485],[-0.6266099,40.37924792],[-0.62680598,40.37940616],[-0.62713104,40.37951834],[-0.62746757,40.37960641],[-0.6278572,40.37973864],[-0.62799356,40.37973895],[-0.62819449,40.37975931],[-0.62860781,40.37977591],[-0.6289111,40.37990387],[-0.62966797,40.37994159],[-0.62986754,40.37994896],[-0.62985834,40.37999335],[-0.62960927,40.38004229],[-0.62957269,40.38007757],[-0.62950793,40.38005112],[-0.62926381,40.38015231],[-0.62919297,40.38031892],[-0.62899421,40.38078634],[-0.6287596,40.3814301],[-0.62834384,40.38152967],[-0.62790263,40.38168275],[-0.62760077,40.38189275],[-0.6272388,40.38213754],[-0.62703909,40.38245773],[-0.62691189,40.38272535],[-0.62676495,40.38288448],[-0.62664124,40.38305309],[-0.62653442,40.38341122],[-0.62646331,40.38409436],[-0.62630459,40.38429808],[-0.62627299,40.38428464],[-0.62588898,40.38417364],[-0.62583099,40.38405164],[-0.62576799,40.38383164],[-0.62566599,40.38364264],[-0.62548999,40.38343164],[-0.62532664,40.38327449],[-0.62565599,40.38322564],[-0.625509,40.38273563],[-0.62531458,40.38250754],[-0.62496966,40.38217818],[-0.62475134,40.38215601],[-0.62478595,40.38187899],[-0.62501212,40.3815662],[-0.6254473,40.38094718],[-0.62619424,40.38020684]]],[[[-0.63900997,40.38607489],[-0.63879452,40.38589074],[-0.63842698,40.38557659],[-0.6382564,40.38545054],[-0.63797502,40.38524262],[-0.63779005,40.38508553],[-0.6374909,40.38483748],[-0.63730497,40.38468373],[-0.63706164,40.38447951],[-0.63683449,40.38428887],[-0.63661051,40.38410818],[-0.63615423,40.38374008],[-0.63604399,40.38365115],[-0.63599333,40.38355179],[-0.63586762,40.38330524],[-0.63543594,40.38251272],[-0.63527712,40.38233832],[-0.63506985,40.38195086],[-0.63498966,40.38180097],[-0.63495423,40.38146695],[-0.63486649,40.38093678],[-0.63485265,40.3808532],[-0.63489078,40.38081397],[-0.63503825,40.38072653],[-0.63509087,40.38063793],[-0.63507105,40.38053389],[-0.63499908,40.38042054],[-0.63494036,40.38033203],[-0.63483193,40.3802829],[-0.63465542,40.38023274],[-0.63420052,40.38009372],[-0.63372987,40.37993375],[-0.63380354,40.37979914],[-0.63398505,40.37984341],[-0.63404541,40.37983132],[-0.63409317,40.37973265],[-0.63411736,40.37962776],[-0.63406847,40.37954481],[-0.63382868,40.37951153],[-0.63387016,40.37940323],[-0.63389764,40.37928821],[-0.63389275,40.3792044],[-0.63399335,40.37909164],[-0.63414709,40.37916384],[-0.63422899,40.37927277],[-0.63454549,40.37935671],[-0.63457135,40.37928573],[-0.63461361,40.37919126],[-0.63457843,40.37908329],[-0.63445087,40.37894364],[-0.63441423,40.37887735],[-0.63441673,40.3788059],[-0.63453644,40.37872493],[-0.63459427,40.37863078],[-0.63449618,40.37853939],[-0.63434193,40.37849453],[-0.63417189,40.3784553],[-0.63404558,40.37827992],[-0.63395465,40.37820656],[-0.63376773,40.37818522],[-0.63358748,40.37821641],[-0.63353242,40.3781828],[-0.63347549,40.37822407],[-0.63354378,40.37835739],[-0.63366169,40.37847576],[-0.633829,40.37861541],[-0.63343302,40.37871693],[-0.63330198,40.37884691],[-0.63313358,40.37869775],[-0.63265684,40.37817541],[-0.63278974,40.37809929],[-0.63297993,40.37800785],[-0.63296873,40.37788249],[-0.63307316,40.37761461],[-0.63309916,40.37751661],[-0.63324334,40.37750303],[-0.63337816,40.37760361],[-0.63366216,40.37755661],[-0.63381406,40.37754866],[-0.63434678,40.3777261],[-0.63443823,40.37774931],[-0.63530669,40.37796976],[-0.6356228,40.37803868],[-0.63578318,40.37821662],[-0.63584218,40.37829763],[-0.63578418,40.37846463],[-0.63557918,40.37850363],[-0.63542217,40.37860263],[-0.63531417,40.37880463],[-0.63544517,40.37888163],[-0.63563017,40.37893663],[-0.63586117,40.37891463],[-0.63608718,40.37896463],[-0.63615618,40.37902063],[-0.63633018,40.37920463],[-0.63647318,40.37935463],[-0.63664718,40.37951964],[-0.63670818,40.37963964],[-0.63655417,40.37962564],[-0.63631617,40.37975864],[-0.63616117,40.37984064],[-0.63592016,40.37989264],[-0.63570316,40.38009364],[-0.63596316,40.38030364],[-0.63601816,40.38024664],[-0.63632116,40.38021864],[-0.63636216,40.38031964],[-0.63632716,40.38038564],[-0.63634016,40.38054564],[-0.63646016,40.38069764],[-0.63652012,40.38076271],[-0.63652415,40.38095181],[-0.63639994,40.38102792],[-0.63636182,40.38125054],[-0.63638665,40.38133616],[-0.63654494,40.3814245],[-0.63676107,40.3814502],[-0.63692472,40.38143452],[-0.63704477,40.38157436],[-0.63708253,40.38168867],[-0.63717581,40.38180768],[-0.63737586,40.38192531],[-0.63748992,40.38198087],[-0.63767298,40.38192074],[-0.63800256,40.38191683],[-0.63824719,40.38195377],[-0.63854208,40.38201302],[-0.63886857,40.38209775],[-0.63903085,40.38210107],[-0.63926931,40.38204916],[-0.63941577,40.38197409],[-0.63952613,40.38186989],[-0.63972595,40.38172849],[-0.63984231,40.38158539],[-0.63992882,40.38150026],[-0.64018947,40.38152692],[-0.64024313,40.3816344],[-0.64039439,40.38187936],[-0.64047272,40.38209328],[-0.64049025,40.38214116],[-0.64057343,40.3823683],[-0.64058787,40.38240774],[-0.64055268,40.38248183],[-0.6404896,40.38258218],[-0.6403842,40.3827132],[-0.64037904,40.38286092],[-0.64038889,40.38297264],[-0.64042779,40.38306927],[-0.64050697,40.38326594],[-0.64058244,40.38338435],[-0.64064604,40.38348775],[-0.64068917,40.38356054],[-0.64068129,40.383655],[-0.64066859,40.38371886],[-0.64066462,40.38373878],[-0.64061177,40.3838169],[-0.64059819,40.38385756],[-0.64059919,40.38386803],[-0.64061692,40.38392355],[-0.64063835,40.38396604],[-0.64064933,40.38398401],[-0.6406687,40.38401572],[-0.64071566,40.38411481],[-0.64072621,40.38415322],[-0.64073958,40.38419205],[-0.64076917,40.38421858],[-0.6408362,40.38421725],[-0.6409852,40.38420255],[-0.64106582,40.38428581],[-0.64114668,40.38436197],[-0.64118092,40.38438738],[-0.64125051,40.38441662],[-0.6413617,40.38451351],[-0.64138685,40.38460304],[-0.64142807,40.38474982],[-0.64151157,40.38480941],[-0.64153687,40.38482597],[-0.64166487,40.38488768],[-0.64184184,40.38507003],[-0.64205544,40.38525313],[-0.6421452,40.38530753],[-0.64228125,40.38534885],[-0.64235606,40.38543799],[-0.64250652,40.38559176],[-0.64254453,40.38568335],[-0.64257839,40.38576496],[-0.64260542,40.38584897],[-0.64285678,40.38574951],[-0.6430183,40.38567797],[-0.6432952,40.38545445],[-0.6433868,40.38528327],[-0.6435149,40.38511751],[-0.64367161,40.38500846],[-0.64387737,40.38489573],[-0.64404678,40.38477291],[-0.64427251,40.38461382],[-0.64435009,40.3844938],[-0.64440403,40.38434992],[-0.64444094,40.38416827],[-0.64444534,40.38404208],[-0.64439457,40.38391945],[-0.64433109,40.38381058],[-0.64426166,40.38369692],[-0.64416713,40.38360146],[-0.64405573,40.38346356],[-0.64395028,40.38333045],[-0.64382088,40.38318283],[-0.64366157,40.38301589],[-0.64349517,40.38287687],[-0.64342753,40.3827118],[-0.64342208,40.38270179],[-0.64341781,40.38269395],[-0.64342592,40.38269091],[-0.64352173,40.38265668],[-0.64364228,40.38261362],[-0.64368102,40.38260159],[-0.64378628,40.3825689],[-0.64393107,40.3825586],[-0.64409051,40.38265523],[-0.64435139,40.38279448],[-0.64455699,40.38296031],[-0.64476485,40.38306153],[-0.64505719,40.38316448],[-0.64514008,40.38321235],[-0.64536661,40.38323071],[-0.64530261,40.38344114],[-0.64533713,40.3837922],[-0.64529154,40.38402722],[-0.64518989,40.38426111],[-0.64516498,40.38443935],[-0.64502794,40.38461531],[-0.64497251,40.38486443],[-0.64499432,40.38504363],[-0.64492829,40.38532829],[-0.64481705,40.38556913],[-0.64475586,40.38564972],[-0.64485919,40.38591971],[-0.64471119,40.38614771],[-0.64438018,40.38636271],[-0.64433352,40.38637916],[-0.64428421,40.38610167],[-0.64398832,40.38627439],[-0.64376868,40.38640577],[-0.64339978,40.38652695],[-0.64300534,40.38657611],[-0.64281595,40.38661012],[-0.64264778,40.38664031],[-0.64260234,40.38664698],[-0.64224319,40.38683404],[-0.64195111,40.38692972],[-0.64173115,40.38704246],[-0.64150463,40.38698802],[-0.6409537,40.38685562],[-0.64042058,40.38675078],[-0.64031136,40.3867293],[-0.64025107,40.38671467],[-0.64011743,40.38668225],[-0.64008342,40.386674],[-0.64003653,40.38665586],[-0.63975716,40.38654781],[-0.63966057,40.38651045],[-0.63919115,40.38622975],[-0.63900997,40.38607489]]]]},"geometry_name":"shape","properties":{"id":3,"objectid":1,"inspireid":"AM.ArboledasSingulares_ES24.AASS_ES24_001","legalfound":"2017/11/21 00:00:00.000","legalfou_1":"http://www.boa.aragon.es/cgi-bin/EBOA/BRSCGI?CMD=VEROBJ&MLKOB=989688965454","sitedesign":"Natural Monument","sitename":"Pinar de Pino Moro","siteprotec":"natureConservation","designatio":"IUCN","designat_1":"naturalMonument","percentage":null,"code24":"AASS_ES24_001","sitecode":"AASS_ES24_001","codeara":"AASS_ES24_001","observatio":null,"localid":"AASS_ES24_001","namespace":"AM.ArboledasSingulares_ES24","versionid":null,"longitude":700753.172118,"latitude":4472880.8455,"shape_leng":7500.925194,"esactivo":"1"},"bbox":[-0.64536661,40.37678375,-0.62256694,40.38704246]},{"type":"Feature","id":"rz_arboledassingulares_es24.11","geometry":{"type":"MultiPolygon","coordinates":[[[[-0.76053038,40.54763316],[-0.76098896,40.54719211],[-0.76085981,40.54713781],[-0.76077687,40.54711089],[-0.76065172,40.54709594],[-0.76074941,40.54697821],[-0.76081186,40.54690763],[-0.76086708,40.54696572],[-0.76100106,40.5469812],[-0.76110764,40.54701821],[-0.76123669,40.54711107],[-0.7613587,40.54720945],[-0.76144165,40.54728231],[-0.76150676,40.5472915],[-0.76155776,40.54725277],[-0.76160286,40.54721049],[-0.7616015,40.54732577],[-0.76161442,40.54750149],[-0.76163797,40.54769165],[-0.76163662,40.54778891],[-0.76160806,40.54786276],[-0.76151071,40.54806274],[-0.76143917,40.54833844],[-0.76139351,40.54824504],[-0.76126345,40.54813668],[-0.76108866,40.54795647],[-0.76082119,40.54775833],[-0.76060896,40.54765279],[-0.76053038,40.54763316]]],[[[-0.77217718,40.55233553],[-0.77191456,40.5521567],[-0.77183109,40.55209915],[-0.77171968,40.55202214],[-0.77150691,40.55182545],[-0.77137995,40.5517259],[-0.77128338,40.55165035],[-0.77091203,40.55148131],[-0.77066484,40.55136106],[-0.77051466,40.55128519],[-0.77020238,40.55114071],[-0.76989371,40.55098702],[-0.76959577,40.55077319],[-0.76938897,40.55056751],[-0.76928363,40.55042179],[-0.76926963,40.55040234],[-0.76915772,40.55019128],[-0.76912712,40.55005683],[-0.76909796,40.54987855],[-0.76902843,40.54970353],[-0.76889727,40.54963137],[-0.7687151,40.54954461],[-0.76839561,40.54946106],[-0.76823791,40.54957998],[-0.76816572,40.54953841],[-0.76808887,40.54948414],[-0.76802857,40.54946163],[-0.76792243,40.54947173],[-0.76784514,40.54943079],[-0.76778018,40.54933144],[-0.76766916,40.54920066],[-0.76758757,40.54911134],[-0.76755232,40.54905634],[-0.76722813,40.54897207],[-0.76694391,40.54895747],[-0.7665937,40.54884243],[-0.76629561,40.54875109],[-0.76602338,40.54874528],[-0.76568432,40.54893779],[-0.76553978,40.54900877],[-0.76547721,40.54903323],[-0.76538225,40.54904428],[-0.76520061,40.5489705],[-0.76497388,40.54888153],[-0.76459684,40.54868948],[-0.76434622,40.54854852],[-0.76414154,40.54845367],[-0.7639877,40.54842457],[-0.76372067,40.54848587],[-0.76354292,40.54849396],[-0.76343333,40.54849742],[-0.76327196,40.54847106],[-0.7631435,40.54842776],[-0.76307293,40.54838739],[-0.76297775,40.54830961],[-0.76279883,40.54822841],[-0.76255352,40.54815168],[-0.76235685,40.54810743],[-0.76210207,40.54805952],[-0.76192554,40.54799548],[-0.7618451,40.54793231],[-0.76184157,40.54786837],[-0.76180593,40.54797379],[-0.76164797,40.54824574],[-0.76149198,40.54843711],[-0.76142586,40.54851816],[-0.7614971,40.54834722],[-0.76156769,40.54807493],[-0.76166415,40.547877],[-0.76169556,40.54779555],[-0.76169626,40.54774611],[-0.76169707,40.54768974],[-0.76167334,40.54749813],[-0.76166058,40.54732475],[-0.7616618,40.5472138],[-0.76168421,40.54709037],[-0.76177442,40.54745208],[-0.76185962,40.5475566],[-0.76193548,40.54758356],[-0.76199595,40.54760806],[-0.76206574,40.54771805],[-0.76220434,40.54778298],[-0.76242111,40.54783718],[-0.76254272,40.54785548],[-0.76264748,40.54789047],[-0.76273036,40.54796171],[-0.76275991,40.54803561],[-0.76285704,40.54806902],[-0.76295181,40.54811319],[-0.76307734,40.54816643],[-0.76325771,40.5482146],[-0.76339033,40.54823185],[-0.76346602,40.54823917],[-0.76367795,40.54824039],[-0.76383663,40.54821977],[-0.7641873,40.54811117],[-0.7643708,40.54811139],[-0.76446067,40.54816105],[-0.76456115,40.54822524],[-0.7646214,40.54829919],[-0.76467581,40.54833889],[-0.76475028,40.54836871],[-0.76483425,40.54839682],[-0.76492526,40.54845461],[-0.76501879,40.54850065],[-0.76516689,40.54845397],[-0.76532452,40.54835505],[-0.7655464,40.54812451],[-0.76563385,40.54815439],[-0.76608465,40.54828022],[-0.76621597,40.54831564],[-0.76621589,40.54836419],[-0.76626795,40.54840393],[-0.76638154,40.54840414],[-0.76653431,40.54841232],[-0.76674863,40.5484126],[-0.76686337,40.54843526],[-0.76697341,40.54845712],[-0.76702786,40.54847438],[-0.76708341,40.54849771],[-0.7674421,40.54853518],[-0.76767645,40.54857601],[-0.76784909,40.54863655],[-0.76802662,40.54870258],[-0.7681461,40.54874246],[-0.76833297,40.54880849],[-0.76845596,40.54885645],[-0.76871154,40.54895498],[-0.76867933,40.5490856],[-0.76872169,40.54921469],[-0.76878769,40.54936072],[-0.76886548,40.5495041],[-0.76894948,40.54953131],[-0.76914468,40.54960615],[-0.76927945,40.54970108],[-0.76931481,40.54978131],[-0.76930603,40.54984311],[-0.7693061,40.5500048],[-0.76932098,40.55010787],[-0.76938975,40.55022765],[-0.76947954,40.55031154],[-0.76950547,40.55036654],[-0.76960233,40.55048659],[-0.76982333,40.55068435],[-0.76996864,40.55081786],[-0.77009629,40.55089986],[-0.77019452,40.55095401],[-0.77044478,40.55106369],[-0.77062261,40.5511745],[-0.77071112,40.55124395],[-0.77090885,40.55131721],[-0.77106134,40.5513661],[-0.7713335,40.55146017],[-0.7714553,40.55153692],[-0.77167304,40.55166597],[-0.77179702,40.55182672],[-0.7720215,40.55206571],[-0.77219033,40.55224174],[-0.77226159,40.55217249],[-0.77238121,40.5521158],[-0.7725412,40.55209528],[-0.77260968,40.55212417],[-0.77273501,40.55219099],[-0.77291471,40.55234165],[-0.773221,40.55259266],[-0.7733617,40.55264798],[-0.77355474,40.55270795],[-0.77375296,40.55275531],[-0.77408499,40.55285605],[-0.77427571,40.55291415],[-0.77448434,40.5529345],[-0.77469145,40.55307274],[-0.77490704,40.55324198],[-0.77513126,40.55336604],[-0.77527441,40.55356836],[-0.77529652,40.55370163],[-0.7752774,40.55375467],[-0.7751689,40.55399264],[-0.77517256,40.55401415],[-0.77511702,40.55400813],[-0.77488619,40.55394612],[-0.77464704,40.55390683],[-0.7748591,40.55376562],[-0.77507783,40.55352608],[-0.77488707,40.55332748],[-0.77474628,40.55322469],[-0.77441939,40.55305012],[-0.77403132,40.55293977],[-0.77387022,40.55291883],[-0.77362997,40.55283835],[-0.773345,40.5527208],[-0.77315562,40.55263049],[-0.77296294,40.5525221],[-0.77288356,40.55249409],[-0.77263996,40.55243967],[-0.77233224,40.55237806],[-0.77217718,40.55233553]]],[[[-0.79213938,40.56847703],[-0.79206911,40.56845137],[-0.79189905,40.5684755],[-0.79174715,40.56848602],[-0.79171597,40.56848938],[-0.79159672,40.56850224],[-0.79137824,40.56855805],[-0.79130218,40.56858308],[-0.79119733,40.56861764],[-0.79111138,40.56863771],[-0.79097394,40.56870435],[-0.79069521,40.56885386],[-0.79050183,40.5690087],[-0.79032854,40.56917735],[-0.79025477,40.5692761],[-0.79017688,40.56934568],[-0.79004901,40.56948043],[-0.79000476,40.56953624],[-0.78994698,40.56959774],[-0.78987421,40.56966255],[-0.78976266,40.56969618],[-0.78968124,40.56971507],[-0.78954597,40.56971536],[-0.78940936,40.56970653],[-0.78929265,40.5696634],[-0.78917766,40.56960427],[-0.78910181,40.56953283],[-0.78904708,40.56944773],[-0.78897023,40.56933159],[-0.78894262,40.56924098],[-0.78886033,40.56907105],[-0.78869886,40.56872305],[-0.78849596,40.56842767],[-0.78842078,40.56831831],[-0.78817398,40.56798957],[-0.78813675,40.56794004],[-0.78813453,40.56791757],[-0.78811566,40.5678882],[-0.78806814,40.56786036],[-0.78796217,40.56780356],[-0.78785441,40.56776168],[-0.7876866,40.56771712],[-0.78756524,40.56769002],[-0.78745118,40.56767784],[-0.78731296,40.56767122],[-0.78718536,40.56765779],[-0.78702932,40.56763624],[-0.7868466,40.56758581],[-0.78666568,40.56750911],[-0.78649537,40.56741189],[-0.78639082,40.56736197],[-0.7862596,40.56726496],[-0.7861404,40.56717944],[-0.78597507,40.56704214],[-0.78582476,40.56692558],[-0.78569682,40.56680449],[-0.78555714,40.5666594],[-0.78542798,40.56651775],[-0.78527345,40.56636102],[-0.78511453,40.5661871],[-0.78500045,40.5660433],[-0.78485508,40.56587747],[-0.78474684,40.5657428],[-0.78465154,40.56565981],[-0.78456341,40.56561344],[-0.78449179,40.5655718],[-0.78444115,40.56552795],[-0.78437878,40.56546343],[-0.78429726,40.56536035],[-0.78420649,40.56537987],[-0.78410459,40.56517487],[-0.78403633,40.56503124],[-0.78395478,40.56491455],[-0.78386804,40.56483011],[-0.7837718,40.56475755],[-0.7836989,40.56470471],[-0.78358575,40.56465804],[-0.78351532,40.56460895],[-0.78342061,40.56452597],[-0.78324547,40.56438199],[-0.78299719,40.56419608],[-0.78286148,40.56409214],[-0.78278051,40.56402942],[-0.78276079,40.56397211],[-0.78274979,40.56394758],[-0.78269921,40.56388382],[-0.78254331,40.56374409],[-0.78228631,40.56352891],[-0.78213076,40.5634035],[-0.78217877,40.56337317],[-0.78218286,40.56333884],[-0.7821433,40.56330997],[-0.78196445,40.56320691],[-0.78194938,40.56319824],[-0.78171466,40.56304907],[-0.78146275,40.56285506],[-0.78130162,40.56274856],[-0.78122372,40.56272544],[-0.78115257,40.56273038],[-0.7810875,40.56273003],[-0.78095069,40.56266327],[-0.78081181,40.56259844],[-0.78071853,40.562569],[-0.78061634,40.56259802],[-0.7805065,40.56256573],[-0.78035536,40.56252508],[-0.7803057,40.56249449],[-0.7801707,40.56241227],[-0.78004558,40.56237437],[-0.77976235,40.56248864],[-0.77960548,40.56233168],[-0.77930418,40.56216023],[-0.77905486,40.5620132],[-0.77914375,40.56198609],[-0.77919815,40.56194471],[-0.77915646,40.56191274],[-0.77911065,40.56194771],[-0.77904026,40.56196905],[-0.77899098,40.56197342],[-0.7788679,40.56198429],[-0.77853798,40.56195345],[-0.77851599,40.56194338],[-0.77834227,40.56172484],[-0.7782828,40.56156579],[-0.77826785,40.56153596],[-0.77822391,40.56129307],[-0.7782512,40.56111785],[-0.77833679,40.56093349],[-0.77836538,40.56080126],[-0.77840782,40.56066444],[-0.77843345,40.56062503],[-0.77845308,40.56060297],[-0.77854168,40.56054514],[-0.77867438,40.56051823],[-0.7788087,40.56051721],[-0.77891703,40.56053101],[-0.7791126,40.5605599],[-0.7791669,40.56058247],[-0.77921994,40.56062151],[-0.77927509,40.56068247],[-0.77929028,40.56074095],[-0.77929342,40.56075299],[-0.77930288,40.56077056],[-0.77936879,40.56076345],[-0.77935862,40.56073164],[-0.77935144,40.56070943],[-0.77934555,40.56068761],[-0.77927376,40.56059038],[-0.77921174,40.56054064],[-0.7791505,40.56051046],[-0.77882039,40.56046393],[-0.7786574,40.56046017],[-0.77853921,40.56048429],[-0.77850076,40.56050048],[-0.7783633,40.56059629],[-0.77837768,40.56045424],[-0.77832922,40.56033053],[-0.77818558,40.56017401],[-0.77815666,40.56011976],[-0.777984,40.55940887],[-0.77789153,40.55919914],[-0.77779455,40.55896645],[-0.77770693,40.55874101],[-0.77758285,40.55848262],[-0.77734761,40.55813552],[-0.77750747,40.5582085],[-0.77754775,40.55820847],[-0.77760819,40.55819495],[-0.77767915,40.55808858],[-0.77773713,40.55801015],[-0.77789341,40.55793074],[-0.77810068,40.55785231],[-0.77825835,40.55779895],[-0.77847742,40.5577456],[-0.77867288,40.5576564],[-0.77893958,40.55764163],[-0.7790782,40.55763889],[-0.77912439,40.55759564],[-0.77913258,40.55755868],[-0.7791124,40.55752271],[-0.77906965,40.55748667],[-0.77893446,40.55744975],[-0.77874956,40.55739134],[-0.77854333,40.55741673],[-0.77837976,40.55737738],[-0.77816285,40.5573369],[-0.7778937,40.55729029],[-0.77772648,40.55722554],[-0.77761507,40.55715539],[-0.77753903,40.557087],[-0.77745983,40.55710331],[-0.77735538,40.55707274],[-0.77712774,40.5570172],[-0.77693326,40.556984],[-0.77680042,40.55687965],[-0.77679454,40.5568327],[-0.77674223,40.55668603],[-0.77661858,40.55649692],[-0.77684139,40.55647689],[-0.77696578,40.55647226],[-0.77713761,40.55643692],[-0.77711498,40.55637847],[-0.77707107,40.55630998],[-0.77702938,40.55621721],[-0.77699386,40.55610203],[-0.77700305,40.55599925],[-0.77699711,40.55590023],[-0.77697542,40.55578127],[-0.77691614,40.55565978],[-0.77684348,40.55554659],[-0.7769982,40.55544986],[-0.7771215,40.55541034],[-0.77718203,40.55532656],[-0.77711838,40.55512636],[-0.77703448,40.55493521],[-0.77692573,40.55489898],[-0.77682511,40.55489903],[-0.77671984,40.55486466],[-0.77663943,40.55482114],[-0.77655728,40.5547519],[-0.77644262,40.5546089],[-0.77635209,40.55451447],[-0.77624584,40.55441694],[-0.77596816,40.55424666],[-0.77590507,40.55430111],[-0.77577694,40.55445781],[-0.77562142,40.55430033],[-0.7758549,40.55409008],[-0.77590078,40.5540489],[-0.77574981,40.55395735],[-0.77565478,40.55392066],[-0.7757461,40.55392314],[-0.77586306,40.55396116],[-0.77601928,40.55405091],[-0.77614362,40.55414789],[-0.77628747,40.55426911],[-0.77641246,40.55438196],[-0.77656262,40.55445853],[-0.77669922,40.55453124],[-0.77684766,40.55459571],[-0.77695111,40.5546459],[-0.77700292,40.55465761],[-0.77713792,40.55471075],[-0.77725527,40.55472985],[-0.77733677,40.55475439],[-0.7775162,40.55487107],[-0.7776302,40.55493074],[-0.7777011,40.55496525],[-0.77774064,40.55496601],[-0.77774831,40.5549376],[-0.77770945,40.55484498],[-0.7777042,40.55473597],[-0.77773106,40.5546201],[-0.77781077,40.55450598],[-0.7778895,40.55444669],[-0.77797774,40.55438884],[-0.77802335,40.55438098],[-0.77806913,40.55440709],[-0.77815929,40.55436631],[-0.77819841,40.5543013],[-0.77826722,40.55418453],[-0.77837228,40.55405035],[-0.77849006,40.55389561],[-0.77869664,40.55363043],[-0.77883563,40.55368085],[-0.77883363,40.5536591],[-0.7788175,40.55359699],[-0.77879433,40.55340828],[-0.77877806,40.55337185],[-0.77874031,40.55323132],[-0.77871528,40.5531631],[-0.77867921,40.55305386],[-0.77864224,40.55295046],[-0.77863371,40.55291219],[-0.7786104,40.55280968],[-0.77859488,40.55276137],[-0.77860108,40.5526952],[-0.77860074,40.55266627],[-0.77862824,40.55257753],[-0.77863974,40.55251173],[-0.77866413,40.55242068],[-0.77869531,40.55232048],[-0.77872717,40.55221777],[-0.77875338,40.55213567],[-0.77878315,40.55204247],[-0.77880566,40.55197256],[-0.77882121,40.55187016],[-0.77883021,40.55176927],[-0.7788222,40.55169003],[-0.77879485,40.55162419],[-0.77877737,40.5515744],[-0.77875027,40.55151902],[-0.77871554,40.55144062],[-0.77873863,40.55134963],[-0.77875355,40.55126984],[-0.77877053,40.55122035],[-0.77873444,40.55117975],[-0.77869016,40.55116548],[-0.77864239,40.5511706],[-0.7785858,40.55118563],[-0.77853752,40.55121362],[-0.77848583,40.55125208],[-0.77838337,40.55130424],[-0.77830041,40.55134895],[-0.77819611,40.55139252],[-0.77811423,40.55141518],[-0.77802932,40.5514366],[-0.77792036,40.55147108],[-0.7778373,40.5514902],[-0.77774882,40.55148733],[-0.77770326,40.55145816],[-0.77768303,40.55141625],[-0.77765268,40.5513663],[-0.77764191,40.55133132],[-0.77763572,40.551265],[-0.77763108,40.55118032],[-0.77763367,40.55113777],[-0.77765943,40.55088019],[-0.77766546,40.55084445],[-0.77770476,40.55061307],[-0.77771628,40.55056105],[-0.77773753,40.55052182],[-0.77777249,40.55029694],[-0.77777546,40.55022493],[-0.77777655,40.55014568],[-0.77778212,40.55006995],[-0.777778,40.54992313],[-0.77776604,40.54986336],[-0.77775867,40.54982907],[-0.77768991,40.54973362],[-0.77760125,40.54961517],[-0.77756357,40.54957625],[-0.77747835,40.54951795],[-0.77742395,40.54949511],[-0.7773425,40.54947633],[-0.77721846,40.54945278],[-0.77707272,40.54943196],[-0.77688642,40.5494626],[-0.77681216,40.54947991],[-0.77672265,40.54951214],[-0.77660784,40.5495665],[-0.77647465,40.5496051],[-0.77637499,40.54960129],[-0.77626213,40.54956822],[-0.77618342,40.54951302],[-0.77610516,40.5494227],[-0.77601047,40.54934376],[-0.77594406,40.54925601],[-0.77589601,40.54920572],[-0.77578536,40.54914144],[-0.77564762,40.54907149],[-0.77547486,40.54895719],[-0.77543464,40.548913],[-0.77541021,40.54886622],[-0.7753793,40.54881546],[-0.77533228,40.54878401],[-0.77527603,40.54872105],[-0.77525069,40.5486802],[-0.775226,40.54863072],[-0.77508812,40.548458],[-0.77503084,40.54834403],[-0.77501811,40.54821488],[-0.77502815,40.54813274],[-0.77504759,40.54802024],[-0.77505531,40.54795103],[-0.7750639,40.54787355],[-0.77507131,40.54772092],[-0.77507805,40.54766376],[-0.77508606,40.54759662],[-0.77510848,40.54748644],[-0.77510948,40.5474525],[-0.77511206,40.54736031],[-0.77510561,40.54730217],[-0.77509863,40.54728456],[-0.77505239,40.54725458],[-0.77500229,40.54723055],[-0.77485824,40.54716247],[-0.774774,40.54712436],[-0.77466976,40.54707714],[-0.77449527,40.54702252],[-0.77428649,40.54691589],[-0.77414801,40.54684711],[-0.77407379,40.54679532],[-0.77402624,40.54676216],[-0.77396276,40.54669284],[-0.77393689,40.54662559],[-0.77394188,40.54653921],[-0.77395939,40.54644523],[-0.77395344,40.54638621],[-0.77391328,40.54627608],[-0.77380491,40.54603267],[-0.77378893,40.5459875],[-0.77374054,40.54586919],[-0.77368946,40.54579281],[-0.77357694,40.54566417],[-0.77342663,40.54549625],[-0.77331416,40.54535905],[-0.77318163,40.54519643],[-0.77318213,40.54513131],[-0.77319421,40.54503759],[-0.77323505,40.54496677],[-0.77326523,40.54486835],[-0.77326641,40.54483631],[-0.77326233,40.54477777],[-0.77322487,40.54471804],[-0.77316788,40.54467407],[-0.77303859,40.54458104],[-0.77297577,40.54454912],[-0.77286161,40.54448431],[-0.77282557,40.54447082],[-0.77259455,40.54439764],[-0.77253616,40.54436003],[-0.77247979,40.54429012],[-0.77246271,40.54421773],[-0.77246927,40.54412309],[-0.7724928,40.54398681],[-0.77257148,40.54372205],[-0.77262287,40.54351811],[-0.77263351,40.54347508],[-0.77263577,40.54336748],[-0.77260426,40.54327814],[-0.772533,40.54322272],[-0.77247181,40.54319488],[-0.77237912,40.54317363],[-0.77227836,40.54314287],[-0.77213133,40.5430758],[-0.77202766,40.54301165],[-0.77188291,40.54295427],[-0.77169361,40.54280883],[-0.77163563,40.54276619],[-0.77154333,40.54267955],[-0.77143094,40.54254019],[-0.7713746,40.54246236],[-0.77134916,40.54242106],[-0.77127251,40.54229347],[-0.77124012,40.54223772],[-0.7711816,40.54207255],[-0.77118657,40.54199374],[-0.77120956,40.54188087],[-0.77122134,40.54175363],[-0.77122946,40.54171866],[-0.77110995,40.54176571],[-0.77116813,40.54163127],[-0.77118323,40.54152482],[-0.77117189,40.54140732],[-0.77116478,40.54126584],[-0.77107178,40.54113623],[-0.77098045,40.54103132],[-0.7709118,40.54091182],[-0.7708623,40.54080556],[-0.77081791,40.54065958],[-0.77080618,40.54060027],[-0.77081237,40.54051679],[-0.77087094,40.54039551],[-0.77093199,40.54028859],[-0.77096543,40.54022023],[-0.77098133,40.54008263],[-0.77094203,40.53995738],[-0.77091531,40.53991219],[-0.77080799,40.53979788],[-0.77066071,40.53971748],[-0.77050079,40.53967268],[-0.77017146,40.53967695],[-0.76991673,40.5396251],[-0.76970701,40.53954386],[-0.7695749,40.53949032],[-0.76944658,40.53938984],[-0.76937179,40.53931669],[-0.76933693,40.5392463],[-0.76934386,40.53919761],[-0.7694408,40.53905878],[-0.76950773,40.53891351],[-0.76954369,40.53878332],[-0.76954066,40.53864688],[-0.76945344,40.53853926],[-0.76938471,40.53847912],[-0.76934146,40.53846243],[-0.76936561,40.53830742],[-0.76945445,40.53833805],[-0.76958065,40.53842732],[-0.76976106,40.53855908],[-0.76996064,40.53871435],[-0.7699614,40.53868446],[-0.76995595,40.5386458],[-0.76980158,40.53852626],[-0.76949011,40.53829514],[-0.76935806,40.53825394],[-0.76930171,40.53823349],[-0.76936681,40.53803297],[-0.76945661,40.53790265],[-0.76956195,40.53788432],[-0.7698429,40.53785039],[-0.77003576,40.5377598],[-0.77009722,40.53770811],[-0.77022125,40.53761376],[-0.77032338,40.53740008],[-0.77038806,40.53702345],[-0.77041098,40.53641766],[-0.77038501,40.53612224],[-0.77031808,40.53601483],[-0.77031327,40.53573279],[-0.77033578,40.53552037],[-0.77033926,40.53536208],[-0.77038912,40.53518298],[-0.77040079,40.53514095],[-0.77042465,40.53483073],[-0.77039262,40.53475364],[-0.77030946,40.53467294],[-0.7700242,40.53448142],[-0.7697784,40.5343067],[-0.7695381,40.53410163],[-0.76941034,40.53405583],[-0.76922556,40.53397453],[-0.76911964,40.53386096],[-0.76907866,40.53376901],[-0.76900644,40.53362223],[-0.76895529,40.5333846],[-0.76908364,40.53313144],[-0.76925238,40.53290644],[-0.76936086,40.53268622],[-0.76944358,40.53244199],[-0.7694182,40.53224963],[-0.76930616,40.53199354],[-0.76914713,40.53185832],[-0.76898557,40.53165387],[-0.76891608,40.53148885],[-0.7688441,40.5313346],[-0.76861172,40.53107996],[-0.76847981,40.53092104],[-0.76836178,40.53080634],[-0.7682122,40.5305896],[-0.76789064,40.530201],[-0.76779151,40.53005766],[-0.76769184,40.53000898],[-0.76749781,40.52988642],[-0.7672536,40.52974297],[-0.76703477,40.52958876],[-0.76680636,40.52941734],[-0.76666471,40.5293102],[-0.76658701,40.52925762],[-0.76654474,40.52921158],[-0.76646127,40.52910494],[-0.76647829,40.52902284],[-0.76645531,40.52891836],[-0.76644007,40.5288478],[-0.76644045,40.52872611],[-0.7664523,40.52862527],[-0.76647306,40.52845507],[-0.7664803,40.52833675],[-0.76648901,40.52826288],[-0.76652124,40.52819171],[-0.76655607,40.52806005],[-0.76656822,40.52796066],[-0.76660894,40.52789353],[-0.76673068,40.52778256],[-0.76681466,40.52762817],[-0.76682412,40.52752467],[-0.76683399,40.52741569],[-0.76684587,40.52728557],[-0.7668796,40.52717624],[-0.76689067,40.52705638],[-0.76685997,40.52686455],[-0.76685669,40.52649047],[-0.76683493,40.5263779],[-0.76680505,40.52615078],[-0.7667852,40.52599501],[-0.7668077,40.52579033],[-0.76684483,40.52562107],[-0.76683861,40.5253962],[-0.7668152,40.52528712],[-0.76679047,40.52518206],[-0.76677418,40.52512157],[-0.76672762,40.52503789],[-0.76669284,40.52493353],[-0.76666276,40.52483675],[-0.7666214,40.5247102],[-0.76659829,40.52459211],[-0.76650516,40.52447446],[-0.766356,40.52428106],[-0.76628913,40.52419032],[-0.76622422,40.52403368],[-0.76618807,40.52383192],[-0.76616912,40.52372013],[-0.76615314,40.52361118],[-0.76615861,40.52353905],[-0.76621259,40.52345965],[-0.7662667,40.52338008],[-0.76641871,40.52312881],[-0.76652046,40.52319627],[-0.76665012,40.52331209],[-0.76666874,40.52325615],[-0.76644876,40.52309111],[-0.76649764,40.52295558],[-0.76653906,40.52281037],[-0.76659989,40.52260652],[-0.76662166,40.52252695],[-0.76663772,40.52244493],[-0.76673974,40.52220585],[-0.76677788,40.52210237],[-0.76679033,40.5219974],[-0.76679866,40.52193513],[-0.76676514,40.52187098],[-0.76676812,40.52149685],[-0.7667848,40.52139268],[-0.76675227,40.52128459],[-0.76666506,40.52114877],[-0.76632134,40.52091738],[-0.76561506,40.52044287],[-0.76535583,40.52068134],[-0.76521805,40.52062175],[-0.76513963,40.5205769],[-0.76502427,40.5204999],[-0.76492551,40.52039566],[-0.76484656,40.52029216],[-0.76481867,40.52017245],[-0.7648212,40.52015673],[-0.76486371,40.52016684],[-0.76486426,40.51988391],[-0.76522679,40.51988264],[-0.7653694,40.51988215],[-0.76548981,40.51988178],[-0.76561535,40.52007157],[-0.76576053,40.52018914],[-0.76589002,40.52026713],[-0.76605039,40.52033599],[-0.76624268,40.52042457],[-0.76645799,40.5205879],[-0.76664895,40.52082346],[-0.76679184,40.52096719],[-0.7669005,40.52111108],[-0.76693631,40.521156],[-0.76700726,40.5213405],[-0.76704227,40.52166213],[-0.76703495,40.52203897],[-0.76702074,40.52225714],[-0.76701574,40.52241135],[-0.76690797,40.52283444],[-0.76687834,40.52302654],[-0.76676936,40.52324405],[-0.76675721,40.52331137],[-0.76674752,40.52336496],[-0.76672541,40.52344425],[-0.76662682,40.52379699],[-0.76659891,40.52409362],[-0.76666198,40.52433778],[-0.76675902,40.52453666],[-0.76694246,40.52471451],[-0.76707971,40.52490057],[-0.76715887,40.52527178],[-0.76711064,40.52553325],[-0.7671504,40.52565481],[-0.76716647,40.52575754],[-0.76707657,40.52600118],[-0.76705341,40.52630412],[-0.76703333,40.52651785],[-0.76707353,40.52669707],[-0.76713216,40.52680864],[-0.76713935,40.52690859],[-0.76714531,40.52704202],[-0.76715651,40.52713115],[-0.76711896,40.52739462],[-0.76707273,40.52767397],[-0.76704223,40.52788515],[-0.76693452,40.52826681],[-0.7668885,40.52849391],[-0.76680821,40.52871818],[-0.76718408,40.5292661],[-0.76756226,40.52967345],[-0.76775036,40.52992093],[-0.76794886,40.53001548],[-0.76833944,40.53017058],[-0.76847206,40.53020485],[-0.76856324,40.53029957],[-0.76862475,40.53041687],[-0.76864501,40.53057112],[-0.76860475,40.53077761],[-0.76859062,40.53083355],[-0.76865556,40.53093281],[-0.76875383,40.5310238],[-0.76891148,40.53118988],[-0.76909387,40.53140005],[-0.76930988,40.53167509],[-0.76945131,40.5319277],[-0.76953654,40.53221273],[-0.76957077,40.53243012],[-0.76957081,40.5326601],[-0.76949624,40.53289016],[-0.76932205,40.53313361],[-0.76924154,40.53330411],[-0.76919667,40.5335179],[-0.76922611,40.53375511],[-0.76927341,40.53383448],[-0.76940258,40.53389129],[-0.76972101,40.53404373],[-0.77014143,40.53423948],[-0.7703167,40.53435862],[-0.77057722,40.53452363],[-0.77078436,40.5347212],[-0.77084366,40.53493403],[-0.77087201,40.5351578],[-0.77084476,40.53537787],[-0.7707607,40.53545994],[-0.77064229,40.53550593],[-0.77050494,40.53552841],[-0.77044564,40.5356078],[-0.77044568,40.53570968],[-0.77044565,40.53584957],[-0.77046221,40.53597312],[-0.77052144,40.53605975],[-0.77057351,40.53612741],[-0.77066706,40.53616885],[-0.77074993,40.53619054],[-0.77082814,40.53627078],[-0.77086596,40.53637636],[-0.77090623,40.53651162],[-0.77093343,40.53681292],[-0.77095006,40.53705195],[-0.77086951,40.53725938],[-0.77074156,40.53745058],[-0.77063026,40.53756328],[-0.77040198,40.53767165],[-0.77034728,40.53769762],[-0.7703064,40.53772332],[-0.77024039,40.53779122],[-0.77018944,40.53786086],[-0.77017456,40.53788228],[-0.7701303,40.53804537],[-0.77007699,40.53822522],[-0.77007231,40.53827017],[-0.77006024,40.53838497],[-0.77005937,40.53839342],[-0.77005866,40.53842547],[-0.7700579,40.53845536],[-0.77005714,40.53848544],[-0.77005429,40.53860338],[-0.77005372,40.53884118],[-0.77006534,40.53895373],[-0.77007009,40.53899914],[-0.77011384,40.5391396],[-0.77013326,40.539138],[-0.77013967,40.53913704],[-0.77015237,40.53913485],[-0.77016069,40.53913312],[-0.77017177,40.53913036],[-0.77018202,40.53912723],[-0.77019182,40.53912381],[-0.77019828,40.53912115],[-0.77020883,40.53911657],[-0.77021903,40.53911155],[-0.77022552,40.53910807],[-0.7702819,40.53907421],[-0.77028973,40.53906967],[-0.77029732,40.53906487],[-0.77030204,40.53906153],[-0.77030447,40.53905933],[-0.7703107,40.53905314],[-0.77032869,40.53903394],[-0.77033399,40.53903792],[-0.77034757,40.53913421],[-0.7704183,40.53922988],[-0.77055879,40.53931232],[-0.77077036,40.53938045],[-0.77097608,40.53944693],[-0.77120641,40.53952966],[-0.77141328,40.53960769],[-0.77159173,40.53969203],[-0.77178995,40.53984944],[-0.77180239,40.53994057],[-0.77187087,40.54001909],[-0.77163629,40.54002897],[-0.77165025,40.54012761],[-0.77168284,40.5402629],[-0.77170328,40.54044057],[-0.77168471,40.54060191],[-0.77160909,40.54082438],[-0.77156335,40.54095394],[-0.77153591,40.54109411],[-0.7715332,40.54117252],[-0.77151712,40.5412086],[-0.77148563,40.54127888],[-0.7713915,40.54141498],[-0.77138648,40.54143803],[-0.7713812,40.54146198],[-0.7713278,40.54160525],[-0.77127372,40.54184742],[-0.77128629,40.54194216],[-0.77130472,40.54204493],[-0.7713338,40.54216494],[-0.77137257,40.5422173],[-0.77141952,40.54230757],[-0.7714935,40.54243403],[-0.77160037,40.54260102],[-0.77166982,40.54267163],[-0.77172312,40.54268797],[-0.77183051,40.54272887],[-0.77199322,40.54283929],[-0.77213763,40.54288928],[-0.77229587,40.54296007],[-0.77257933,40.54308967],[-0.77275531,40.54316323],[-0.77277306,40.54320474],[-0.7727382,40.54328397],[-0.77270563,40.54334045],[-0.77271689,40.54344949],[-0.77266345,40.54366536],[-0.77260549,40.54382152],[-0.77258842,40.54391272],[-0.77258809,40.54398666],[-0.77259941,40.54409759],[-0.77264603,40.54421937],[-0.77270846,40.54428814],[-0.77277441,40.54435409],[-0.77288894,40.54442926],[-0.77306486,40.54451174],[-0.77324549,40.54461593],[-0.7733046,40.54465671],[-0.77334691,40.54470184],[-0.77338191,40.54480385],[-0.77338159,40.5448669],[-0.77337539,40.54493993],[-0.77336305,40.54503094],[-0.7733887,40.54512295],[-0.77342609,40.54521682],[-0.77347184,40.54530435],[-0.77356617,40.5453831],[-0.77364081,40.54543282],[-0.7737278,40.5454944],[-0.77376787,40.54553958],[-0.7738067,40.54558663],[-0.77384763,40.54569128],[-0.77388725,40.54582482],[-0.7739138,40.54595739],[-0.77393466,40.54604039],[-0.77395111,40.5461634],[-0.77400754,40.54628924],[-0.77403545,40.54638437],[-0.77401413,40.54653961],[-0.77408096,40.54665377],[-0.77421538,40.54675247],[-0.77440273,40.54683229],[-0.77450368,40.54686504],[-0.77475783,40.54695317],[-0.77500962,40.54702333],[-0.7750981,40.54707944],[-0.77516353,40.54712908],[-0.77517901,40.54716081],[-0.77519831,40.54721983],[-0.77521704,40.54727126],[-0.77522187,40.54733936],[-0.77519442,40.54746567],[-0.77515639,40.54764077],[-0.77514492,40.54778395],[-0.77513811,40.54787561],[-0.77512925,40.54799326],[-0.77511003,40.54812432],[-0.77510391,40.54816654],[-0.77511151,40.54829],[-0.77512868,40.54836366],[-0.77513633,40.54839641],[-0.77517739,40.54847593],[-0.77521212,40.54854326],[-0.77525195,40.54858862],[-0.77528677,40.54862838],[-0.77533503,40.54869363],[-0.77541122,40.54879661],[-0.77549574,40.54886517],[-0.77557654,40.54894293],[-0.77558523,40.54895139],[-0.7756582,40.54899081],[-0.77576378,40.54904779],[-0.77579818,40.54907151],[-0.77595197,40.54917752],[-0.77605024,40.54925887],[-0.77615149,40.54934324],[-0.77620917,40.54942001],[-0.77626174,40.54946598],[-0.77632967,40.54950773],[-0.77636296,40.54952612],[-0.77643775,40.54953539],[-0.77656987,40.54950758],[-0.77664311,40.54948917],[-0.7767654,40.54945838],[-0.77691924,40.54941297],[-0.77708844,40.54938866],[-0.77724306,40.54939461],[-0.77735522,40.54941686],[-0.77743199,40.54944139],[-0.77749206,40.5494675],[-0.77753374,40.5494856],[-0.77756203,40.54949785],[-0.77758778,40.54951916],[-0.77759835,40.54952792],[-0.77760846,40.54953631],[-0.77761927,40.54954526],[-0.77766824,40.54958574],[-0.77767812,40.54959395],[-0.77767937,40.54959551],[-0.7776889,40.54960713],[-0.77774566,40.54967614],[-0.77776349,40.54969783],[-0.7778259,40.54982109],[-0.77783505,40.5498836],[-0.77785941,40.55005035],[-0.77785091,40.55027151],[-0.77784842,40.55028273],[-0.77780118,40.55049693],[-0.77779268,40.5505327],[-0.77776179,40.55066326],[-0.77775541,40.55082411],[-0.777742,40.55089754],[-0.77772366,40.55099852],[-0.77771451,40.55107519],[-0.77770767,40.55113189],[-0.77771659,40.55123719],[-0.77771818,40.5512964],[-0.77771857,40.55132739],[-0.77772172,40.55137835],[-0.77774719,40.55140118],[-0.77775922,40.5514051],[-0.77779567,40.55141688],[-0.77784643,40.55142489],[-0.77785823,40.55142142],[-0.77792775,40.55140123],[-0.77795217,40.55139476],[-0.77808298,40.55136017],[-0.77824001,40.55131482],[-0.77830509,40.5512822],[-0.77838007,40.55123248],[-0.77843049,40.55119345],[-0.77845413,40.55117508],[-0.77849941,40.55115208],[-0.77852715,40.55113793],[-0.77855486,40.55112486],[-0.77860081,40.55110314],[-0.77868487,40.55109665],[-0.77870985,40.5510947],[-0.77873341,40.55110019],[-0.7787872,40.55111258],[-0.77881594,40.55114718],[-0.77882527,40.55116862],[-0.77883834,40.55121598],[-0.77883599,40.55124422],[-0.77883279,40.55128406],[-0.77880998,40.55133821],[-0.77879731,40.55138913],[-0.77880813,40.55145843],[-0.77884525,40.55156067],[-0.77889236,40.55168264],[-0.77890946,40.55176899],[-0.77891584,40.551801],[-0.77888228,40.5519516],[-0.77884813,40.55209174],[-0.77877216,40.55236078],[-0.77877135,40.55236365],[-0.77872952,40.5524894],[-0.77869292,40.55262508],[-0.77869112,40.55266882],[-0.77868972,40.55270393],[-0.77868641,40.55275034],[-0.77875468,40.55298938],[-0.77883028,40.55321395],[-0.77887867,40.55341837],[-0.77890907,40.5535956],[-0.7789302,40.55374581],[-0.77891652,40.55384896],[-0.7788537,40.55395593],[-0.77875984,40.55407645],[-0.77859523,40.55421156],[-0.77847646,40.55430332],[-0.77839894,40.5543692],[-0.77837254,40.55440302],[-0.77834232,40.55444189],[-0.77831664,40.55447932],[-0.7782932,40.55451328],[-0.77827676,40.5545353],[-0.77825304,40.55456682],[-0.77823658,40.55458975],[-0.77821788,40.55461596],[-0.77836123,40.55462025],[-0.77819396,40.55475359],[-0.7780869,40.55495889],[-0.77797157,40.5552751],[-0.77787656,40.55545532],[-0.77777455,40.55556524],[-0.77775172,40.55568785],[-0.77772099,40.55585282],[-0.77733483,40.55590889],[-0.77722347,40.55598377],[-0.77719627,40.55606314],[-0.77723203,40.55618192],[-0.77727121,40.55626123],[-0.77733177,40.55635842],[-0.77736151,40.5564161],[-0.77737856,40.55649696],[-0.77739632,40.55658125],[-0.7774003,40.55660016],[-0.77740326,40.55661417],[-0.7774046,40.55662015],[-0.77741934,40.55668853],[-0.77743388,40.55675601],[-0.77743552,40.5567637],[-0.77751272,40.55687895],[-0.77761122,40.55697885],[-0.77765783,40.55701569],[-0.77772517,40.55706887],[-0.77782426,40.55711861],[-0.77787213,40.55714259],[-0.77797284,40.55717912],[-0.7780438,40.55720472],[-0.77806072,40.5572109],[-0.77824771,40.55725629],[-0.77847563,40.55729968],[-0.77858217,40.5573102],[-0.7786528,40.55731714],[-0.77869377,40.55732117],[-0.77886324,40.55735344],[-0.77899602,40.5573704],[-0.77904634,40.55739524],[-0.77912176,40.55743245],[-0.77919768,40.55748292],[-0.77922504,40.55753776],[-0.77923214,40.55759456],[-0.77920025,40.55763745],[-0.77918603,40.55765673],[-0.77911062,40.55769068],[-0.77908185,40.55770363],[-0.77898052,40.55771421],[-0.77893371,40.55771907],[-0.77866479,40.55777245],[-0.77862274,40.55778704],[-0.77856408,40.55780735],[-0.7783544,40.55787998],[-0.7782672,40.55789902],[-0.77814705,40.55792517],[-0.77797654,40.55798477],[-0.77790687,40.55801684],[-0.77786873,40.5580344],[-0.77786237,40.55804085],[-0.77778818,40.55811644],[-0.77773385,40.55820926],[-0.77773328,40.55824798],[-0.77773333,40.55827879],[-0.77775619,40.55832661],[-0.77780763,40.55843533],[-0.77785168,40.55849986],[-0.7779784,40.55868552],[-0.7779882,40.55869994],[-0.77801621,40.55874237],[-0.77804792,40.55879054],[-0.77815566,40.55895386],[-0.77821856,40.55906974],[-0.77826854,40.55916186],[-0.77833682,40.55931874],[-0.7783434,40.55933382],[-0.77835267,40.55938228],[-0.7783878,40.55953068],[-0.77839332,40.55955304],[-0.77839946,40.55957793],[-0.77838225,40.55966254],[-0.77837013,40.55972212],[-0.77832403,40.55983023],[-0.77832404,40.55984428],[-0.77832415,40.55992661],[-0.77832191,40.56001575],[-0.77838726,40.56008601],[-0.77850226,40.56012281],[-0.77854626,40.56012825],[-0.77863671,40.56013954],[-0.77873928,40.56015232],[-0.77879986,40.56015961],[-0.77885068,40.56016581],[-0.77889111,40.56018245],[-0.77894914,40.56020626],[-0.77899786,40.56023683],[-0.77899782,40.56026638],[-0.77899789,40.5603071],[-0.77899572,40.56032993],[-0.77899209,40.56036833],[-0.77898574,40.56038532],[-0.7789803,40.5603999],[-0.77898915,40.56040358],[-0.7790064,40.56041067],[-0.77906681,40.56034833],[-0.77907023,40.56034488],[-0.77916458,40.56022761],[-0.7791732,40.56021688],[-0.77943489,40.56004995],[-0.77959791,40.55994544],[-0.7796965,40.55988221],[-0.77972045,40.55987204],[-0.77990111,40.55979498],[-0.77992519,40.55978473],[-0.77995044,40.55978179],[-0.78009935,40.55976474],[-0.78022507,40.55979175],[-0.78028103,40.55983868],[-0.78030448,40.55985832],[-0.78034875,40.56009112],[-0.78036062,40.56015377],[-0.78034559,40.56037616],[-0.78029606,40.56052402],[-0.78023124,40.56056979],[-0.7801657,40.56061609],[-0.78015034,40.56062688],[-0.77998337,40.56069357],[-0.77992011,40.56069956],[-0.77989072,40.56070233],[-0.77969417,40.56072089],[-0.7794548,40.56075168],[-0.77943424,40.56075552],[-0.77943922,40.56079805],[-0.77942462,40.56082524],[-0.77947387,40.56085735],[-0.77956346,40.56088394],[-0.77966016,40.56089913],[-0.77976262,40.56090176],[-0.77985492,40.56088504],[-0.78006774,40.56083175],[-0.78009517,40.5608738],[-0.77982075,40.56093618],[-0.77955317,40.56098102],[-0.77936142,40.56100409],[-0.77930477,40.56099922],[-0.77927586,40.56103495],[-0.77909162,40.56107295],[-0.7789969,40.56110166],[-0.77888044,40.561116],[-0.77866334,40.56117704],[-0.77869196,40.56141161],[-0.77870392,40.56148922],[-0.77872921,40.56154231],[-0.77878155,40.56159205],[-0.77887762,40.5616584],[-0.77899757,40.56169556],[-0.7791032,40.56175173],[-0.77924685,40.56182232],[-0.77939849,40.5618547],[-0.77952653,40.56189022],[-0.77966947,40.56192882],[-0.77982836,40.56197088],[-0.77991978,40.56200659],[-0.77996642,40.5620247],[-0.78003747,40.56204777],[-0.78018309,40.5620803],[-0.78036991,40.56212785],[-0.78054373,40.56217181],[-0.78071627,40.5622335],[-0.7807722,40.56226358],[-0.78083496,40.56228748],[-0.78097138,40.56232659],[-0.78115296,40.5623934],[-0.78131803,40.56244486],[-0.78144544,40.56249595],[-0.78149597,40.56252529],[-0.78154768,40.56261537],[-0.78166108,40.56270457],[-0.78177851,40.56278582],[-0.78194573,40.56291199],[-0.78205517,40.56297418],[-0.78218289,40.56306617],[-0.78237334,40.56320756],[-0.78247516,40.56328959],[-0.78260323,40.56339961],[-0.78278931,40.56353749],[-0.78292789,40.56364752],[-0.78299547,40.56370061],[-0.78305714,40.56375747],[-0.78317794,40.56388004],[-0.78323019,40.5639323],[-0.78327988,40.56398018],[-0.78337237,40.56406573],[-0.78346365,40.56413793],[-0.78356778,40.56423253],[-0.78365068,40.56430465],[-0.78374329,40.56438669],[-0.78391751,40.56450119],[-0.78395536,40.56454263],[-0.78404063,40.56459669],[-0.78421131,40.56470752],[-0.78438773,40.56479495],[-0.78448851,40.56482643],[-0.78463301,40.56488586],[-0.784775,40.56496065],[-0.78491621,40.56508776],[-0.78498017,40.56518609],[-0.78503742,40.56526267],[-0.785189,40.56546564],[-0.7852967,40.56544834],[-0.78545615,40.56558823],[-0.78554084,40.56567804],[-0.78556885,40.56572749],[-0.78557721,40.56578935],[-0.78562311,40.56598426],[-0.78585396,40.56630865],[-0.78608598,40.56666963],[-0.78622534,40.56684228],[-0.7863493,40.56703076],[-0.78642092,40.56709762],[-0.78648575,40.56714111],[-0.78657253,40.56719943],[-0.78673602,40.56729949],[-0.78686155,40.56734721],[-0.78697851,40.56738233],[-0.78700261,40.56738955],[-0.78705734,40.56739906],[-0.7872193,40.5674273],[-0.78735183,40.56743083],[-0.78750814,40.56742977],[-0.78762065,40.56743508],[-0.78783856,40.56745394],[-0.78792778,40.56751366],[-0.78803978,40.56757048],[-0.78810702,40.56760185],[-0.7882222,40.56765522],[-0.78833872,40.56771096],[-0.78857464,40.56784637],[-0.78869425,40.56790505],[-0.78874959,40.56793223],[-0.78895998,40.56806066],[-0.78909275,40.56815769],[-0.78920283,40.56825114],[-0.78928698,40.56839706],[-0.78931532,40.56850839],[-0.7893631,40.5685784],[-0.78947719,40.56871885],[-0.78955844,40.56884877],[-0.78969726,40.56894124],[-0.78980032,40.56899681],[-0.78990036,40.56905124],[-0.78994958,40.56908821],[-0.79000662,40.56908858],[-0.7900879,40.56907762],[-0.79018295,40.56904277],[-0.79024678,40.5689768],[-0.79029269,40.56890264],[-0.78992052,40.56882207],[-0.78967301,40.56836695],[-0.7900164,40.56818765],[-0.78964569,40.56777307],[-0.78993054,40.56766037],[-0.79035323,40.56792244],[-0.79062671,40.5680277],[-0.79096008,40.5680448],[-0.79120405,40.56813333],[-0.79141737,40.56800418],[-0.79156929,40.56798565],[-0.79178493,40.568192],[-0.79210768,40.56821232],[-0.79222791,40.56821308],[-0.79237936,40.56824498],[-0.79250184,40.56830642],[-0.79267509,40.5684117],[-0.79277995,40.56850973],[-0.79292992,40.56860105],[-0.79300486,40.56865347],[-0.7930522,40.56868653],[-0.79316415,40.56875938],[-0.79325496,40.5688321],[-0.79335479,40.56891057],[-0.79344698,40.5690062],[-0.79353479,40.56907661],[-0.79363715,40.56921494],[-0.79371805,40.56930882],[-0.7937525,40.56943234],[-0.79373578,40.56958903],[-0.79366955,40.56966676],[-0.79355648,40.56971793],[-0.79352187,40.56971772],[-0.79344652,40.56973556],[-0.79338902,40.56977409],[-0.79334795,40.56981961],[-0.79330063,40.56989374],[-0.79325462,40.57039154],[-0.79319707,40.57057203],[-0.79317272,40.57074137],[-0.79316782,40.57091197],[-0.7931483,40.57104582],[-0.7931399,40.57113619],[-0.79310725,40.57123105],[-0.79306118,40.57132799],[-0.79301994,40.57138963],[-0.79294489,40.57151277],[-0.79290754,40.57161421],[-0.79289302,40.57172887],[-0.79289984,40.57184826],[-0.79291611,40.57195],[-0.79295574,40.57204525],[-0.79304093,40.57222785],[-0.79315901,40.57241639],[-0.79316627,40.57242905],[-0.79327846,40.57262432],[-0.79335763,40.57281032],[-0.79351575,40.57317149],[-0.79334648,40.57328986],[-0.79323997,40.57335304],[-0.79317274,40.57342544],[-0.7931475,40.57350675],[-0.7931645,40.57359715],[-0.7931814,40.57368296],[-0.79318926,40.57377454],[-0.79318073,40.57386167],[-0.79312246,40.57394883],[-0.79304159,40.57401538],[-0.79293974,40.57408784],[-0.79283178,40.57415226],[-0.79271632,40.57420752],[-0.79259647,40.57430287],[-0.79256044,40.57434245],[-0.79252023,40.57438663],[-0.79248608,40.57448056],[-0.792382,40.57474998],[-0.79235098,40.57485991],[-0.79233639,40.5746965],[-0.79235406,40.57459009],[-0.79237007,40.57449861],[-0.79238044,40.57437729],[-0.79238376,40.57407505],[-0.79239986,40.5739733],[-0.79244821,40.57381442],[-0.79247834,40.57366691],[-0.79249551,40.57346781],[-0.79253406,40.57323677],[-0.79251626,40.57307753],[-0.79248161,40.5729422],[-0.79244611,40.57289729],[-0.79240301,40.57285008],[-0.79232939,40.57278246],[-0.79228055,40.57274478],[-0.79223182,40.57270709],[-0.79213166,40.57264915],[-0.79206465,40.57259607],[-0.79199645,40.57251091],[-0.79191642,40.57240506],[-0.79187377,40.57232237],[-0.79186751,40.57221469],[-0.79186892,40.57208194],[-0.79183599,40.57193404],[-0.79183772,40.57177373],[-0.79186223,40.57158494],[-0.7918654,40.57143845],[-0.79191899,40.57133912],[-0.79197579,40.57122842],[-0.79207509,40.5710825],[-0.79219986,40.57093788],[-0.79237701,40.57067337],[-0.79263744,40.570351],[-0.79291738,40.5700391],[-0.7931651,40.5697727],[-0.79330348,40.56962356],[-0.7933963,40.56951652],[-0.79342871,40.56944345],[-0.79345372,40.56934745],[-0.79344703,40.56927409],[-0.79339976,40.56920284],[-0.79335683,40.56913959],[-0.79326146,40.56906913],[-0.79315544,40.56901008],[-0.79303317,40.56891317],[-0.79299694,40.56889419],[-0.79280313,40.56879266],[-0.7926317,40.56866786],[-0.79256012,40.5686392],[-0.79248853,40.56861045],[-0.79219572,40.56849856],[-0.79213938,40.56847703]]],[[[-0.79798839,40.58147448],[-0.79789272,40.58147004],[-0.79782633,40.58151318],[-0.79769143,40.58162393],[-0.79755791,40.58152374],[-0.79748934,40.58147108],[-0.7973529,40.58135895],[-0.79728875,40.58132286],[-0.79725288,40.58129596],[-0.79719546,40.58125298],[-0.79710009,40.5811746],[-0.79705444,40.58113274],[-0.79700467,40.58108702],[-0.79697369,40.58105166],[-0.79694363,40.58101731],[-0.7969143,40.58097504],[-0.79688925,40.58093898],[-0.79687577,40.5808999],[-0.7968516,40.5808299],[-0.79683447,40.58074697],[-0.79682367,40.58069461],[-0.79681798,40.58065928],[-0.79680917,40.58058579],[-0.79680789,40.58057414],[-0.79681072,40.58054213],[-0.79682106,40.58042486],[-0.79682675,40.58035966],[-0.79683291,40.580287],[-0.79684311,40.58016721],[-0.79684951,40.58009094],[-0.79685758,40.58002516],[-0.79686808,40.57993916],[-0.79687568,40.57988381],[-0.79688936,40.57978382],[-0.79689679,40.57973018],[-0.79690052,40.57970296],[-0.79690047,40.57967215],[-0.79690045,40.57962585],[-0.7969004,40.57954838],[-0.79689824,40.57949168],[-0.79689561,40.57942056],[-0.79688922,40.57935261],[-0.79688554,40.57931362],[-0.79687898,40.5792436],[-0.79687346,40.57918476],[-0.79686348,40.57909305],[-0.79683885,40.57886801],[-0.79683346,40.57884134],[-0.79682319,40.57879079],[-0.79681455,40.57874811],[-0.79679706,40.57866193],[-0.79678718,40.57860661],[-0.7967777,40.57855328],[-0.79676957,40.57851322],[-0.79676551,40.57849648],[-0.79674271,40.57840272],[-0.7967153,40.57835239],[-0.79668311,40.57831457],[-0.79665206,40.57827804],[-0.79662485,40.57825761],[-0.79653964,40.57819356],[-0.79650355,40.57816648],[-0.7962087,40.57801456],[-0.79608101,40.57795997],[-0.79600032,40.57793474],[-0.79595926,40.57792261],[-0.79590386,40.57792587],[-0.79585816,40.57796121],[-0.79579272,40.57802554],[-0.79576797,40.57805281],[-0.79571627,40.5780693],[-0.79562729,40.57806616],[-0.79546879,40.57804701],[-0.79534615,40.57803296],[-0.79522941,40.57802983],[-0.79515235,40.57804511],[-0.79507823,40.57806829],[-0.79499505,40.57809723],[-0.79493059,40.57811762],[-0.79485948,40.57813167],[-0.79477797,40.57813146],[-0.79469492,40.57813132],[-0.7946388,40.57812772],[-0.79454828,40.57812122],[-0.79450719,40.5781208],[-0.7944721,40.57811355],[-0.79444441,40.57810789],[-0.79443175,40.57810098],[-0.79439213,40.57809518],[-0.79427922,40.57807266],[-0.79419624,40.57805252],[-0.7941559,40.57803986],[-0.79407147,40.57801339],[-0.79402365,40.57799112],[-0.79397843,40.57797233],[-0.79394656,40.57795335],[-0.79390125,40.57793023],[-0.79383831,40.57788246],[-0.79377976,40.57783801],[-0.79371294,40.57777539],[-0.79368142,40.57774597],[-0.79350877,40.57756773],[-0.79344903,40.57753065],[-0.7933449,40.57742804],[-0.79324766,40.57725215],[-0.793223,40.57716494],[-0.79322655,40.57711798],[-0.79319664,40.57696779],[-0.79318658,40.57679933],[-0.79318104,40.57662285],[-0.79310604,40.57646432],[-0.79300536,40.57632512],[-0.79285636,40.57620382],[-0.79277941,40.57608993],[-0.79276508,40.57597976],[-0.79270008,40.57591591],[-0.7925917,40.57580944],[-0.79245484,40.57554893],[-0.7923864,40.57539574],[-0.79236793,40.57532891],[-0.79236054,40.57530193],[-0.79235991,40.57517022],[-0.79235919,40.57500536],[-0.79240773,40.57487289],[-0.79243929,40.57476107],[-0.79254285,40.5744929],[-0.79257441,40.57440604],[-0.79264231,40.57433149],[-0.79275391,40.57424274],[-0.79286577,40.57418912],[-0.79297819,40.57412209],[-0.79308343,40.57404717],[-0.79317134,40.57397481],[-0.79323868,40.57387403],[-0.79324844,40.57377477],[-0.79324016,40.57367814],[-0.79322295,40.57359062],[-0.79320757,40.5735088],[-0.79322752,40.57344432],[-0.79328312,40.57338449],[-0.79338384,40.57332472],[-0.79346872,40.57326905],[-0.79350371,40.57324314],[-0.79353466,40.57330787],[-0.79355296,40.57339082],[-0.79360529,40.57356],[-0.79371298,40.5737015],[-0.79381941,40.57386711],[-0.79384252,40.57393683],[-0.79393684,40.57409329],[-0.79397783,40.57416524],[-0.79402959,40.57424748],[-0.79407733,40.57440522],[-0.79410969,40.57452069],[-0.79411761,40.57457795],[-0.79411824,40.57465579],[-0.79407858,40.5747842],[-0.79403577,40.57488283],[-0.7939747,40.57497237],[-0.7938538,40.57507474],[-0.79379266,40.57514491],[-0.79372997,40.57520127],[-0.79370192,40.5752746],[-0.79367832,40.57534225],[-0.79368804,40.57544179],[-0.79370661,40.57550583],[-0.79373852,40.57556301],[-0.79376592,40.57560975],[-0.79378147,40.57568301],[-0.79381065,40.575755],[-0.79381172,40.57591301],[-0.79379588,40.57601036],[-0.7937545,40.57609757],[-0.79369938,40.57616075],[-0.79365769,40.57622508],[-0.79362963,40.57628814],[-0.79363756,40.57635224],[-0.79366207,40.57641162],[-0.79368784,40.57644355],[-0.79376935,40.57648673],[-0.79384933,40.57652645],[-0.79400722,40.57654982],[-0.79410681,40.5765964],[-0.7941613,40.57665681],[-0.79432891,40.57675459],[-0.7943954,40.57680919],[-0.79448474,40.57689818],[-0.79452976,40.57694102],[-0.79458165,40.57699047],[-0.79464381,40.57707264],[-0.79470923,40.57717081],[-0.79477157,40.57726902],[-0.79485043,40.57738204],[-0.79493375,40.57747092],[-0.79503207,40.57755639],[-0.79514653,40.57758569],[-0.79528048,40.57760806],[-0.79536917,40.57760192],[-0.79547289,40.57761291],[-0.7956279,40.57763055],[-0.79578408,40.57762308],[-0.79587865,40.57759976],[-0.79605426,40.57756582],[-0.79612016,40.57754491],[-0.79618184,40.57754465],[-0.7962526,40.57756267],[-0.79633707,40.5776058],[-0.79641571,40.57767531],[-0.79649444,40.57774942],[-0.79655818,40.57783045],[-0.79664316,40.577948],[-0.79671336,40.57808049],[-0.79678111,40.57816142],[-0.79680124,40.5781854],[-0.79688186,40.5783099],[-0.79698059,40.5784514],[-0.79703706,40.57857372],[-0.79705896,40.57869836],[-0.79707825,40.57886312],[-0.79709454,40.57902909],[-0.79708739,40.57929018],[-0.79710095,40.5794996],[-0.79711404,40.57962992],[-0.79712524,40.5797422],[-0.79714325,40.57994594],[-0.79718479,40.58006599],[-0.79726548,40.58020301],[-0.79734463,40.58034351],[-0.79739374,40.58048866],[-0.79746383,40.58062116],[-0.79753395,40.58075599],[-0.79765349,40.58087564],[-0.79777933,40.58102622],[-0.79792448,40.58112862],[-0.79811303,40.58122977],[-0.79819481,40.58130844],[-0.79823926,40.58142269],[-0.79831104,40.5816116],[-0.79823646,40.58186456],[-0.79818634,40.58203485],[-0.79815776,40.58198755],[-0.79819518,40.58185162],[-0.79821649,40.5817242],[-0.79821906,40.58164588],[-0.79816282,40.58158482],[-0.79804575,40.58150169],[-0.79798839,40.58147448]]],[[[-0.81581176,40.59144441],[-0.81574794,40.59137961],[-0.81522045,40.59152921],[-0.81446623,40.59131143],[-0.8144134,40.59119095],[-0.81426712,40.59089678],[-0.8139799,40.59073631],[-0.81289334,40.59069457],[-0.81186383,40.59076577],[-0.81136939,40.59087215],[-0.81066114,40.59117571],[-0.80946272,40.59087202],[-0.80869576,40.59060696],[-0.80831159,40.59048446],[-0.80803465,40.59040038],[-0.80777642,40.59034774],[-0.80767388,40.59031075],[-0.80755956,40.59029435],[-0.80744661,40.5902722],[-0.80729783,40.59026181],[-0.80712313,40.5902276],[-0.80698936,40.59021704],[-0.80686843,40.5901861],[-0.80680254,40.59017025],[-0.80651634,40.58997538],[-0.8062299,40.58975537],[-0.80597663,40.58955464],[-0.8057403,40.58937774],[-0.80555814,40.58922114],[-0.80537677,40.58899691],[-0.80510604,40.58866181],[-0.8049538,40.58848299],[-0.80485606,40.58836808],[-0.80466559,40.58812971],[-0.80446999,40.58782045],[-0.80435123,40.58760786],[-0.80424506,40.58745829],[-0.80421026,40.58736989],[-0.80421114,40.58731046],[-0.80413082,40.58724461],[-0.80401295,40.58718526],[-0.80393938,40.58717323],[-0.80383686,40.58708886],[-0.80370436,40.58699284],[-0.80364216,40.58692941],[-0.80348533,40.58685833],[-0.80336128,40.58680012],[-0.80322659,40.58675666],[-0.80305144,40.58670036],[-0.80281363,40.5866126],[-0.80273746,40.58657152],[-0.80260023,40.58649757],[-0.80246843,40.58640903],[-0.80244681,40.58639448],[-0.80230559,40.58628352],[-0.80213439,40.58616424],[-0.80194521,40.58603462],[-0.80173656,40.58590471],[-0.80155945,40.58578199],[-0.80149504,40.58576428],[-0.80144678,40.58576957],[-0.80140227,40.5857326],[-0.80137025,40.58566029],[-0.80135574,40.58562011],[-0.80115263,40.58541825],[-0.80100973,40.58531527],[-0.80090625,40.58519548],[-0.80081137,40.58510206],[-0.80072817,40.58503048],[-0.80061695,40.58491973],[-0.80053102,40.58483441],[-0.80033819,40.58475156],[-0.80016961,40.58466097],[-0.80000732,40.58454753],[-0.79986728,40.58445478],[-0.79978402,40.58439239],[-0.79969616,40.58432992],[-0.79964992,40.58428436],[-0.79960127,40.58423641],[-0.79947848,40.58409706],[-0.79937026,40.58398861],[-0.79925895,40.58389164],[-0.79918004,40.58383375],[-0.79910266,40.58377588],[-0.79901484,40.58371917],[-0.79894786,40.58366826],[-0.79888531,40.58362311],[-0.79884391,40.58358142],[-0.79881863,40.58355968],[-0.79866932,40.58336758],[-0.79862059,40.58315317],[-0.79857892,40.58308707],[-0.7985376,40.58302142],[-0.79841162,40.58283877],[-0.79837732,40.58274975],[-0.79833366,40.58263641],[-0.79822616,40.58227215],[-0.79828709,40.58213279],[-0.79831899,40.5820571],[-0.79842527,40.58171674],[-0.79851422,40.58177483],[-0.79873195,40.58219298],[-0.7989388,40.58255048],[-0.7991848,40.58297512],[-0.79936841,40.58325246],[-0.79954822,40.58343658],[-0.79966769,40.58349011],[-0.79978413,40.58354944],[-0.79985712,40.58359353],[-0.79993724,40.58366856],[-0.8000492,40.58373123],[-0.8001141,40.58375534],[-0.80016278,40.58377339],[-0.80023414,40.58383113],[-0.80026819,40.58387376],[-0.80037583,40.58391698],[-0.80052833,40.58397204],[-0.8006765,40.58402584],[-0.80082262,40.584106],[-0.80097482,40.58419187],[-0.80112829,40.58428586],[-0.8011998,40.58433559],[-0.80125433,40.58440923],[-0.80131047,40.58447723],[-0.80138633,40.58454191],[-0.80148133,40.58462848],[-0.80161503,40.58474165],[-0.8017834,40.58484259],[-0.80191696,40.58496728],[-0.80194021,40.58502582],[-0.80197485,40.58508638],[-0.80198709,40.58510967],[-0.80202677,40.58517862],[-0.80213752,40.58531449],[-0.80225619,40.58542872],[-0.80233541,40.58556778],[-0.80234977,40.58560543],[-0.80238033,40.58568601],[-0.80247341,40.58580227],[-0.80264151,40.58592951],[-0.80285648,40.58603647],[-0.80316204,40.58611912],[-0.80338587,40.58613923],[-0.80366946,40.58617822],[-0.80397706,40.58622767],[-0.80415206,40.58628865],[-0.80426524,40.58636845],[-0.80435417,40.58645617],[-0.80444119,40.58657357],[-0.80450221,40.58672733],[-0.80461833,40.5869124],[-0.80472396,40.58720491],[-0.80494688,40.58769746],[-0.8050197,40.5878627],[-0.80512366,40.58805807],[-0.80519662,40.58813972],[-0.80524432,40.5882489],[-0.80544128,40.58845523],[-0.8056213,40.58870268],[-0.80593752,40.58903774],[-0.80614225,40.58920909],[-0.8063786,40.5893814],[-0.80662548,40.58955012],[-0.8069288,40.5896728],[-0.80712849,40.58988261],[-0.80727776,40.59009487],[-0.80736556,40.59015266],[-0.80745462,40.59018633],[-0.80753596,40.59020301],[-0.8076895,40.59023394],[-0.807822,40.59026168],[-0.80780235,40.59009974],[-0.80802492,40.58989179],[-0.80819502,40.58979909],[-0.8086395,40.58975357],[-0.80869732,40.5899477],[-0.80884047,40.5901195],[-0.80905678,40.5901318],[-0.80927503,40.59017495],[-0.80966544,40.59030513],[-0.80984298,40.59033597],[-0.81004709,40.59033462],[-0.81003077,40.59059193],[-0.81014831,40.590622],[-0.81027902,40.59062114],[-0.81055109,40.59063756],[-0.81070568,40.59063644],[-0.8108992,40.5906157],[-0.81108528,40.59060184],[-0.8112563,40.59057545],[-0.81148881,40.59055094],[-0.81165953,40.59051202],[-0.81178807,40.59046194],[-0.81187797,40.59044067],[-0.81193519,40.59045059],[-0.8119937,40.59045016],[-0.81203128,40.59044988],[-0.81210087,40.59045391],[-0.81213802,40.59045605],[-0.81220091,40.59044418],[-0.81227889,40.59042647],[-0.81234327,40.59040887],[-0.81247348,40.59036909],[-0.81258001,40.59036714],[-0.81268093,40.59038482],[-0.81283299,40.59042148],[-0.81296717,40.59045942],[-0.81307422,40.59048847],[-0.81316446,40.59050045],[-0.81332544,40.59052449],[-0.81341409,40.59052382],[-0.81355384,40.59052863],[-0.81375788,40.59051115],[-0.81389187,40.59053314],[-0.81404065,40.59054361],[-0.81422247,40.59054805],[-0.81440001,40.59057888],[-0.81452521,40.59062035],[-0.81460237,40.59067126],[-0.81469038,40.59073706],[-0.81477815,40.59079592],[-0.81487802,40.590857],[-0.8150066,40.59093627],[-0.81514128,40.59101313],[-0.81517311,40.59102652],[-0.81529375,40.59107727],[-0.815502,40.59115588],[-0.8157132,40.59123798],[-0.81594581,40.59134849],[-0.81595817,40.59135728],[-0.81599062,40.59138042],[-0.81604432,40.59141872],[-0.81613544,40.59150161],[-0.8162009,40.59157446],[-0.8162636,40.59166662],[-0.81629024,40.59175919],[-0.81628394,40.59186221],[-0.81621927,40.59210294],[-0.8160954,40.59229606],[-0.81606778,40.59237517],[-0.81606865,40.59244266],[-0.81608735,40.59249634],[-0.81611327,40.59253502],[-0.81619803,40.59258482],[-0.81627667,40.59262657],[-0.81645894,40.59267911],[-0.81662217,40.59276147],[-0.81691556,40.59292537],[-0.81705693,40.5930583],[-0.81709654,40.59310832],[-0.81713563,40.59323625],[-0.81713731,40.59337347],[-0.81713872,40.59349709],[-0.81712864,40.59356013],[-0.81710376,40.59371469],[-0.81704895,40.59377571],[-0.81703025,40.59379482],[-0.81697301,40.59383238],[-0.81693892,40.59386695],[-0.81693939,40.59390696],[-0.81695178,40.59393665],[-0.81697787,40.59398452],[-0.81700238,40.59402669],[-0.81701945,40.59407232],[-0.81699786,40.5941583],[-0.81691473,40.59436715],[-0.81684819,40.59445453],[-0.81676075,40.59455242],[-0.81662234,40.59465861],[-0.8164897,40.59475114],[-0.81634344,40.59482998],[-0.81614046,40.59493775],[-0.81592522,40.59502277],[-0.81571,40.59511472],[-0.81549337,40.59521349],[-0.81517943,40.59534267],[-0.81496275,40.59543567],[-0.81476145,40.59556068],[-0.81454275,40.59573732],[-0.8143334,40.59593901],[-0.81417252,40.59615801],[-0.81400841,40.5964],[-0.81386648,40.59658522],[-0.81372208,40.59682074],[-0.81359904,40.59708252],[-0.81356616,40.59735511],[-0.81356045,40.59750498],[-0.81356171,40.59761139],[-0.81354168,40.59768938],[-0.81351793,40.59771811],[-0.8134916,40.59777896],[-0.81349207,40.59781554],[-0.81347668,40.59791064],[-0.81347776,40.59799912],[-0.81357915,40.59800391],[-0.81372234,40.59819066],[-0.81363827,40.59832626],[-0.8136701,40.59847711],[-0.81415613,40.59908723],[-0.81431838,40.59934135],[-0.8145452,40.5997392],[-0.81430342,40.59983308],[-0.81410072,40.59971781],[-0.81387549,40.59960482],[-0.81380499,40.59949089],[-0.81372928,40.59943532],[-0.81365597,40.59933854],[-0.81353742,40.59921928],[-0.81344275,40.59909633],[-0.81339473,40.59897075],[-0.81333101,40.59879389],[-0.8132548,40.59857581],[-0.8132447,40.59847978],[-0.81322934,40.59833464],[-0.81322149,40.59817676],[-0.81324306,40.5980988],[-0.81327531,40.59802645],[-0.81329824,40.59793591],[-0.81339119,40.59779228],[-0.81342028,40.59771194],[-0.81344177,40.59762939],[-0.81344069,40.59753902],[-0.8134247,40.59745674],[-0.81343088,40.59734687],[-0.81341406,40.59719594],[-0.81343988,40.59709617],[-0.81348168,40.59694491],[-0.81353903,40.5968461],[-0.81364152,40.59674698],[-0.81370793,40.59664924],[-0.81376943,40.59651375],[-0.81383414,40.59626843],[-0.81399123,40.59609692],[-0.81407371,40.59599895],[-0.81417341,40.59588058],[-0.81433342,40.59569183],[-0.81455651,40.59550374],[-0.81468911,40.59541248],[-0.8147621,40.59535927],[-0.8148965,40.59530002],[-0.81509404,40.59522881],[-0.81522099,40.5951696],[-0.81538535,40.59509407],[-0.81556164,40.59502192],[-0.81574375,40.59491998],[-0.81589733,40.59483073],[-0.81609122,40.59470811],[-0.81627563,40.59455351],[-0.81646771,40.59441374],[-0.81661015,40.59427087],[-0.81673394,40.5940617],[-0.81686219,40.59385713],[-0.81689087,40.59374939],[-0.8169558,40.59364253],[-0.81698362,40.59355739],[-0.81701945,40.59344754],[-0.81700393,40.59328177],[-0.81697394,40.59315383],[-0.81690044,40.59303759],[-0.81684257,40.59297507],[-0.81677767,40.59295033],[-0.8166735,40.5929053],[-0.81657382,40.59286369],[-0.81644262,40.59282112],[-0.81631281,40.59276138],[-0.81614379,40.59269729],[-0.81605127,40.59262474],[-0.8159678,40.59254983],[-0.81592311,40.59245972],[-0.81592179,40.59234413],[-0.81592072,40.59225718],[-0.81596421,40.59212991],[-0.81600471,40.59200033],[-0.8160292,40.59190856],[-0.81601864,40.59177936],[-0.81595879,40.59167221],[-0.81594295,40.59161057],[-0.81586665,40.59150805],[-0.81581176,40.59144441]]]]},"geometry_name":"shape","properties":{"id":1,"objectid":3,"inspireid":"AM.ArboledasSingulares_ES24.AASS_ES24_003","legalfound":"2018/02/09 00:00:00.000","legalfou_1":"http://www.boa.aragon.es/cgi-bin/EBOA/BRSCGI?CMD=VEROBJ&MLKOB=1003847025252","sitedesign":"Natural Monument","sitename":"Ribera de Chopo Cabecero","siteprotec":"natureConservation","designatio":"IUCN","designat_1":"naturalMonument","percentage":null,"code24":"AASS_ES24_003","sitecode":"AASS_ES24_003","codeara":"AASS_ES24_003","observatio":null,"localid":"AASS_ES24_003","namespace":"AM.ArboledasSingulares_ES24","versionid":null,"longitude":687351.727736,"latitude":4492796.10365,"shape_leng":31208.676847,"esactivo":"1"},"bbox":[-0.81713872,40.51988178,-0.76053038,40.59983308]},{"type":"Feature","id":"rz_arboledassingulares_es24.12","geometry":{"type":"MultiPolygon","coordinates":[[[[-0.76061789,42.23405931],[-0.76013687,42.23386097],[-0.7603195,42.23338857],[-0.76037429,42.23310847],[-0.76029166,42.23290671],[-0.76045772,42.23232728],[-0.76050897,42.23147654],[-0.76079139,42.23074341],[-0.76102357,42.23003289],[-0.76103143,42.22921361],[-0.76075386,42.22872211],[-0.76074942,42.2275783],[-0.76038954,42.22651333],[-0.75990649,42.22530112],[-0.75968043,42.22426446],[-0.7596762,42.22384025],[-0.75950202,42.22350803],[-0.75938543,42.22222002],[-0.75968322,42.22219153],[-0.75988508,42.22301037],[-0.76015168,42.22381142],[-0.76034728,42.2242632],[-0.76054593,42.22481034],[-0.76077864,42.22530097],[-0.76116871,42.22641895],[-0.76144748,42.22723929],[-0.76156352,42.22776576],[-0.7615007,42.22899879],[-0.76142858,42.22976939],[-0.7609343,42.23250466],[-0.76079976,42.23322639],[-0.76061789,42.23405931]]]]},"geometry_name":"shape","properties":{"id":9,"objectid":8,"inspireid":"AM.ArboledasSingulares_ES24.AASS_ES24_008","legalfound":"2021/11/19 00:00:00.000","legalfou_1":"http://www.boa.aragon.es/cgi-bin/EBOA/BRSCGI?CMD=VEROBJ&MLKOB=1193511064040&type=pdf","sitedesign":"Natural Monument","sitename":"Soto del Gállego en Biscarrués","siteprotec":"natureConservation","designatio":"IUCN","designat_1":"naturalMonument","percentage":null,"code24":"AASS_ES24_008","sitecode":"AASS_ES24_008","codeara":"AASS_ES24_008","observatio":null,"localid":"AASS_ES24_008","namespace":"AM.ArboledasSingulares_ES24","versionid":null,"longitude":684799.008421,"latitude":4677504.15151,"shape_leng":2735.670278,"esactivo":"1"},"bbox":[-0.76156352,42.22219153,-0.75938543,42.23405931]},{"type":"Feature","id":"rz_arboledassingulares_es24.13","geometry":{"type":"MultiPolygon","coordinates":[[[[-0.00917812,41.08134579],[-0.00867813,41.08126132],[-0.0080707,41.08076901],[-0.00732326,41.081044],[-0.00724232,41.08084944],[-0.00722798,41.08065703],[-0.00707643,41.08043777],[-0.00692861,41.0803059],[-0.00675325,41.08027224],[-0.0062754,41.08029474],[-0.00602484,41.08039297],[-0.00585903,41.08048759],[-0.00576846,41.08061908],[-0.00570014,41.0807686],[-0.00574174,41.08086862],[-0.00574731,41.08091532],[-0.00568005,41.08104159],[-0.00560112,41.0810861],[-0.00551662,41.0810839],[-0.00528271,41.0809847],[-0.00508299,41.08097951],[-0.00499638,41.08102381],[-0.0048642,41.08105529],[-0.00467984,41.08105049],[-0.00454659,41.08093646],[-0.00453835,41.08077912],[-0.00456668,41.08066347],[-0.00462574,41.08054862],[-0.00455128,41.08032554],[-0.00447127,41.08022453],[-0.00435417,41.08009346],[-0.00408028,41.08002814],[-0.0036562,41.08005201],[-0.00351582,41.08009492],[-0.00326074,41.08012319],[-0.00308512,41.08009534],[-0.00281255,41.08000096],[-0.00243456,41.08002603],[-0.00231086,41.08004027],[-0.002073,41.08002826],[-0.00171806,41.08005393],[-0.00154721,41.08009022],[-0.00142246,41.0801277],[-0.00121638,41.08009324],[-0.00109506,41.08005516],[-9.4108E-4,41.07995467],[-8.5532E-4,41.07984967],[-8.366E-4,41.07976355],[-7.0251E-4,41.0797258],[-5.3307E-4,41.07963574],[-4.4288E-4,41.07946212],[-4.2208E-4,41.07925604],[-4.6131E-4,41.07905724],[-4.8079E-4,41.07896069],[-4.3843E-4,41.07889679],[-4.5115E-4,41.07878294],[-5.0052E-4,41.07869288],[-5.4339E-4,41.07857981],[-5.7015E-4,41.07848916],[-5.6702E-4,41.07839202],[-4.9374E-4,41.07834444],[-5.9196E-4,41.07817572],[-0.00104046,41.0779362],[-0.00116803,41.07778537],[-0.00126677,41.07760525],[-0.00128936,41.07744027],[-0.00128857,41.07729181],[-0.00133325,41.07713882],[-0.00140678,41.07701514],[-0.00154034,41.07689872],[-0.00164505,41.07675301],[-0.00154031,41.07656758],[-0.00135398,41.07635149],[-0.00117466,41.076147],[-0.00112008,41.07601997],[-0.00104445,41.07585814],[-9.0542E-4,41.07576318],[-9.3452E-4,41.0756212],[-0.00130793,41.07570515],[-0.00186142,41.07581091],[-0.0024383,41.07590015],[-0.00271791,41.07593634],[-0.0032265,41.07595855],[-0.0037355,41.0759718],[-0.0039792,41.07608576],[-0.00426251,41.07637115],[-0.0044654,41.07660063],[-0.00500016,41.07682978],[-0.00530182,41.07697215],[-0.00566065,41.07716084],[-0.00614151,41.077272],[-0.00651254,41.07719196],[-0.00678195,41.07726174],[-0.00704161,41.07754651],[-0.00726123,41.0776688],[-0.00788706,41.07764423],[-0.00825346,41.07760038],[-0.0088648,41.07759847],[-0.00965515,41.0777969],[-0.00997423,41.07801867],[-0.01007063,41.07822577],[-0.01056279,41.07845861],[-0.01061155,41.07859498],[-0.01062088,41.07879472],[-0.01003336,41.07915214],[-0.00963544,41.07959451],[-0.00961276,41.08009428],[-0.00949682,41.0805678],[-0.00931796,41.08103968],[-0.00917812,41.08134579]]]]},"geometry_name":"shape","properties":{"id":16,"objectid":12,"inspireid":"AM.ArboledasSingulares_ES24.AASS_ES24_012","legalfound":"2022/07/12 00:00:00.000","legalfou_1":"http://www.boa.aragon.es/cgi-bin/EBOA/BRSCGI?CMD=VEROBJ&MLKOB=1230261964444&type=pdf","sitedesign":"Natural Monument","sitename":"Pinar de la Buchancalera","siteprotec":"natureConservation","designatio":"IUCN","designat_1":"naturalMonument","percentage":null,"code24":"AASS_ES24_012","sitecode":"AASS_ES24_012","codeara":"AASS_ES24_012","observatio":null,"localid":"AASS_ES24_012","namespace":"AM.ArboledasSingulares.ES24","versionid":null,"longitude":751586.947697,"latitude":4551810.03327,"shape_leng":2794.532321,"esactivo":"1"},"bbox":[-0.01062088,41.0756212,-4.2208E-4,41.08134579]}],"totalFeatures":13,"numberMatched":13,"numberReturned":13,"timeStamp":"2026-08-05T20:44:46.654Z","crs":{"type":"name","properties":{"name":"urn:ogc:def:crs:EPSG::4326"}},"bbox":[-1.81526958,40.37678375,-4.2208E-4,42.70740825]}